timestamp	status	path	session
2026-06-08T08:09:08.561Z	M	backend/app/api/jobs.py	/home/kinax/.codex/sessions/2026/06/08/rollout-2026-06-08T16-08-55-019ea647-0e81-7d81-9b62-558364a36e3f.jsonl
2026-06-08T08:09:08.561Z	M	backend/app/api/plugins.py	/home/kinax/.codex/sessions/2026/06/08/rollout-2026-06-08T16-08-55-019ea647-0e81-7d81-9b62-558364a36e3f.jsonl
2026-06-08T08:09:08.561Z	M	backend/app/api/settings.py	/home/kinax/.codex/sessions/2026/06/08/rollout-2026-06-08T16-08-55-019ea647-0e81-7d81-9b62-558364a36e3f.jsonl
2026-06-08T08:09:08.561Z	M	backend/app/api/settings_lada_upgrade.py	/home/kinax/.codex/sessions/2026/06/08/rollout-2026-06-08T16-08-55-019ea647-0e81-7d81-9b62-558364a36e3f.jsonl
2026-06-08T08:09:08.561Z	M	backend/app/api/settings_response.py	/home/kinax/.codex/sessions/2026/06/08/rollout-2026-06-08T16-08-55-019ea647-0e81-7d81-9b62-558364a36e3f.jsonl
2026-06-08T08:09:08.561Z	M	backend/app/api/settings_updates.py	/home/kinax/.codex/sessions/2026/06/08/rollout-2026-06-08T16-08-55-019ea647-0e81-7d81-9b62-558364a36e3f.jsonl
2026-06-08T08:09:08.561Z	M	backend/app/api/system.py	/home/kinax/.codex/sessions/2026/06/08/rollout-2026-06-08T16-08-55-019ea647-0e81-7d81-9b62-558364a36e3f.jsonl
2026-06-08T08:09:08.561Z	M	backend/app/core/config.py	/home/kinax/.codex/sessions/2026/06/08/rollout-2026-06-08T16-08-55-019ea647-0e81-7d81-9b62-558364a36e3f.jsonl
2026-06-08T08:09:08.561Z	M	backend/app/knowledge/api.py	/home/kinax/.codex/sessions/2026/06/08/rollout-2026-06-08T16-08-55-019ea647-0e81-7d81-9b62-558364a36e3f.jsonl
2026-06-08T08:09:08.561Z	M	backend/app/knowledge/indexer.py	/home/kinax/.codex/sessions/2026/06/08/rollout-2026-06-08T16-08-55-019ea647-0e81-7d81-9b62-558364a36e3f.jsonl
2026-06-08T08:09:08.561Z	M	backend/app/knowledge/repository.py	/home/kinax/.codex/sessions/2026/06/08/rollout-2026-06-08T16-08-55-019ea647-0e81-7d81-9b62-558364a36e3f.jsonl
2026-06-08T08:09:08.561Z	M	backend/app/main.py	/home/kinax/.codex/sessions/2026/06/08/rollout-2026-06-08T16-08-55-019ea647-0e81-7d81-9b62-558364a36e3f.jsonl
2026-06-08T08:09:08.561Z	M	backend/app/plugins/contracts.py	/home/kinax/.codex/sessions/2026/06/08/rollout-2026-06-08T16-08-55-019ea647-0e81-7d81-9b62-558364a36e3f.jsonl
2026-06-08T08:09:08.561Z	M	backend/app/plugins/runtime.py	/home/kinax/.codex/sessions/2026/06/08/rollout-2026-06-08T16-08-55-019ea647-0e81-7d81-9b62-558364a36e3f.jsonl
2026-06-08T08:09:08.561Z	M	backend/app/tasks/job_phases.py	/home/kinax/.codex/sessions/2026/06/08/rollout-2026-06-08T16-08-55-019ea647-0e81-7d81-9b62-558364a36e3f.jsonl
2026-06-08T08:09:08.561Z	M	backend/tests/test_knowledge_core.py	/home/kinax/.codex/sessions/2026/06/08/rollout-2026-06-08T16-08-55-019ea647-0e81-7d81-9b62-558364a36e3f.jsonl
2026-06-08T08:09:08.561Z	M	backend/tests/test_mdc_ng_manual_plugin.py	/home/kinax/.codex/sessions/2026/06/08/rollout-2026-06-08T16-08-55-019ea647-0e81-7d81-9b62-558364a36e3f.jsonl
2026-06-08T08:09:08.561Z	M	backend/tests/test_settings_lada_upgrade.py	/home/kinax/.codex/sessions/2026/06/08/rollout-2026-06-08T16-08-55-019ea647-0e81-7d81-9b62-558364a36e3f.jsonl
2026-06-08T08:09:08.561Z	M	backend/tests/test_settings_response.py	/home/kinax/.codex/sessions/2026/06/08/rollout-2026-06-08T16-08-55-019ea647-0e81-7d81-9b62-558364a36e3f.jsonl
2026-06-08T08:09:08.561Z	M	backend/tests/test_settings_updates.py	/home/kinax/.codex/sessions/2026/06/08/rollout-2026-06-08T16-08-55-019ea647-0e81-7d81-9b62-558364a36e3f.jsonl
2026-06-08T08:09:08.561Z	M	data/plugin_cache/mteam-plugin/covers/1178333.json	/home/kinax/.codex/sessions/2026/06/08/rollout-2026-06-08T16-08-55-019ea647-0e81-7d81-9b62-558364a36e3f.jsonl
2026-06-08T08:09:08.561Z	M	data/plugin_cache/mteam-plugin/covers/1178526.json	/home/kinax/.codex/sessions/2026/06/08/rollout-2026-06-08T16-08-55-019ea647-0e81-7d81-9b62-558364a36e3f.jsonl
2026-06-08T08:09:08.561Z	M	data/plugin_cache/mteam-plugin/images/01ae217cba9237acb5c06cb3deac0caf1c2106f72994e3940ceb05d5b2b239c5.json	/home/kinax/.codex/sessions/2026/06/08/rollout-2026-06-08T16-08-55-019ea647-0e81-7d81-9b62-558364a36e3f.jsonl
2026-06-08T08:09:08.561Z	M	data/plugin_cache/mteam-plugin/images/1d90e0b5cbc279064d8a2f1b8ef708dce09d311f5c850c867ee0fd3f0f3976d6.json	/home/kinax/.codex/sessions/2026/06/08/rollout-2026-06-08T16-08-55-019ea647-0e81-7d81-9b62-558364a36e3f.jsonl
2026-06-08T08:09:08.561Z	M	data/plugin_cache/mteam-plugin/images/2ae2166f3feb501f08cbdbc1edc5c62d900ae64d45a455f2d38d6600b177490c.json	/home/kinax/.codex/sessions/2026/06/08/rollout-2026-06-08T16-08-55-019ea647-0e81-7d81-9b62-558364a36e3f.jsonl
2026-06-08T08:09:08.561Z	M	data/plugin_cache/mteam-plugin/images/6c25f132095361ca880a8de444659986088d4b64743c44304a25517a6944e924.jpg	/home/kinax/.codex/sessions/2026/06/08/rollout-2026-06-08T16-08-55-019ea647-0e81-7d81-9b62-558364a36e3f.jsonl
2026-06-08T08:09:08.561Z	M	data/plugin_cache/mteam-plugin/images/6c25f132095361ca880a8de444659986088d4b64743c44304a25517a6944e924.json	/home/kinax/.codex/sessions/2026/06/08/rollout-2026-06-08T16-08-55-019ea647-0e81-7d81-9b62-558364a36e3f.jsonl
2026-06-08T08:09:08.561Z	M	data/plugin_cache/mteam-plugin/images/f46cb334675047071cea700b338a7a0ee342974052c4cbe0de015bf6440a9102.json	/home/kinax/.codex/sessions/2026/06/08/rollout-2026-06-08T16-08-55-019ea647-0e81-7d81-9b62-558364a36e3f.jsonl
2026-06-08T08:09:08.561Z	M	data/plugins_config.json	/home/kinax/.codex/sessions/2026/06/08/rollout-2026-06-08T16-08-55-019ea647-0e81-7d81-9b62-558364a36e3f.jsonl
2026-06-08T08:09:08.561Z	M	data/plugins_state.json	/home/kinax/.codex/sessions/2026/06/08/rollout-2026-06-08T16-08-55-019ea647-0e81-7d81-9b62-558364a36e3f.jsonl
2026-06-08T08:09:08.561Z	M	frontend/src/App.vue	/home/kinax/.codex/sessions/2026/06/08/rollout-2026-06-08T16-08-55-019ea647-0e81-7d81-9b62-558364a36e3f.jsonl
2026-06-08T08:09:08.561Z	M	frontend/src/api/plugins.ts	/home/kinax/.codex/sessions/2026/06/08/rollout-2026-06-08T16-08-55-019ea647-0e81-7d81-9b62-558364a36e3f.jsonl
2026-06-08T08:09:08.561Z	M	frontend/src/api/types.ts	/home/kinax/.codex/sessions/2026/06/08/rollout-2026-06-08T16-08-55-019ea647-0e81-7d81-9b62-558364a36e3f.jsonl
2026-06-08T08:09:08.561Z	M	frontend/src/components/noor/AppSidebar.vue	/home/kinax/.codex/sessions/2026/06/08/rollout-2026-06-08T16-08-55-019ea647-0e81-7d81-9b62-558364a36e3f.jsonl
2026-06-08T08:09:08.561Z	M	frontend/src/components/noor/BaseToast.vue	/home/kinax/.codex/sessions/2026/06/08/rollout-2026-06-08T16-08-55-019ea647-0e81-7d81-9b62-558364a36e3f.jsonl
2026-06-08T08:09:08.561Z	D	frontend/src/components/noor/SidebarMetrics.vue	/home/kinax/.codex/sessions/2026/06/08/rollout-2026-06-08T16-08-55-019ea647-0e81-7d81-9b62-558364a36e3f.jsonl
2026-06-08T08:09:08.561Z	M	frontend/src/components/noor/SystemLogPanel.vue	/home/kinax/.codex/sessions/2026/06/08/rollout-2026-06-08T16-08-55-019ea647-0e81-7d81-9b62-558364a36e3f.jsonl
2026-06-08T08:09:08.561Z	D	frontend/src/components/ui/SystemMetricsCard.vue	/home/kinax/.codex/sessions/2026/06/08/rollout-2026-06-08T16-08-55-019ea647-0e81-7d81-9b62-558364a36e3f.jsonl
2026-06-08T08:09:08.561Z	M	frontend/src/composables/useJobPresentation.ts	/home/kinax/.codex/sessions/2026/06/08/rollout-2026-06-08T16-08-55-019ea647-0e81-7d81-9b62-558364a36e3f.jsonl
2026-06-08T08:09:08.561Z	M	frontend/src/composables/useJobRuntimePresentation.ts	/home/kinax/.codex/sessions/2026/06/08/rollout-2026-06-08T16-08-55-019ea647-0e81-7d81-9b62-558364a36e3f.jsonl
2026-06-08T08:09:08.561Z	D	frontend/src/composables/useSidebarMetrics.ts	/home/kinax/.codex/sessions/2026/06/08/rollout-2026-06-08T16-08-55-019ea647-0e81-7d81-9b62-558364a36e3f.jsonl
2026-06-08T08:09:08.561Z	M	frontend/src/composables/useSystemLog.ts	/home/kinax/.codex/sessions/2026/06/08/rollout-2026-06-08T16-08-55-019ea647-0e81-7d81-9b62-558364a36e3f.jsonl
2026-06-08T08:09:08.561Z	M	frontend/src/i18n/en.ts	/home/kinax/.codex/sessions/2026/06/08/rollout-2026-06-08T16-08-55-019ea647-0e81-7d81-9b62-558364a36e3f.jsonl
2026-06-08T08:09:08.561Z	M	frontend/src/i18n/zh.ts	/home/kinax/.codex/sessions/2026/06/08/rollout-2026-06-08T16-08-55-019ea647-0e81-7d81-9b62-558364a36e3f.jsonl
2026-06-08T08:09:08.561Z	M	frontend/src/router/index.ts	/home/kinax/.codex/sessions/2026/06/08/rollout-2026-06-08T16-08-55-019ea647-0e81-7d81-9b62-558364a36e3f.jsonl
2026-06-08T08:09:08.561Z	M	frontend/src/stores/jobs.ts	/home/kinax/.codex/sessions/2026/06/08/rollout-2026-06-08T16-08-55-019ea647-0e81-7d81-9b62-558364a36e3f.jsonl
2026-06-08T08:09:08.561Z	M	frontend/src/views/Dashboard.vue	/home/kinax/.codex/sessions/2026/06/08/rollout-2026-06-08T16-08-55-019ea647-0e81-7d81-9b62-558364a36e3f.jsonl
2026-06-08T08:09:08.561Z	M	frontend/src/views/HardlinkView.vue	/home/kinax/.codex/sessions/2026/06/08/rollout-2026-06-08T16-08-55-019ea647-0e81-7d81-9b62-558364a36e3f.jsonl
2026-06-08T08:09:08.561Z	M	frontend/src/views/History.vue	/home/kinax/.codex/sessions/2026/06/08/rollout-2026-06-08T16-08-55-019ea647-0e81-7d81-9b62-558364a36e3f.jsonl
2026-06-08T08:09:08.561Z	M	frontend/src/views/Home.vue	/home/kinax/.codex/sessions/2026/06/08/rollout-2026-06-08T16-08-55-019ea647-0e81-7d81-9b62-558364a36e3f.jsonl
2026-06-08T08:09:08.561Z	M	frontend/src/views/Jobs.vue	/home/kinax/.codex/sessions/2026/06/08/rollout-2026-06-08T16-08-55-019ea647-0e81-7d81-9b62-558364a36e3f.jsonl
2026-06-08T08:09:08.561Z	M	frontend/src/views/PluginHost.vue	/home/kinax/.codex/sessions/2026/06/08/rollout-2026-06-08T16-08-55-019ea647-0e81-7d81-9b62-558364a36e3f.jsonl
2026-06-08T08:09:08.561Z	M	frontend/src/views/PluginManager.vue	/home/kinax/.codex/sessions/2026/06/08/rollout-2026-06-08T16-08-55-019ea647-0e81-7d81-9b62-558364a36e3f.jsonl
2026-06-08T08:09:08.561Z	M	frontend/src/views/settings/SystemSettings.vue	/home/kinax/.codex/sessions/2026/06/08/rollout-2026-06-08T16-08-55-019ea647-0e81-7d81-9b62-558364a36e3f.jsonl
2026-06-08T08:09:08.561Z	M	plugins/PLUGIN_DEVELOPMENT.md	/home/kinax/.codex/sessions/2026/06/08/rollout-2026-06-08T16-08-55-019ea647-0e81-7d81-9b62-558364a36e3f.jsonl
2026-06-08T08:09:08.561Z	M	plugins/PLUGIN_SDK.md	/home/kinax/.codex/sessions/2026/06/08/rollout-2026-06-08T16-08-55-019ea647-0e81-7d81-9b62-558364a36e3f.jsonl
2026-06-08T08:09:08.561Z	M	plugins/av-graph/frontend/page.js	/home/kinax/.codex/sessions/2026/06/08/rollout-2026-06-08T16-08-55-019ea647-0e81-7d81-9b62-558364a36e3f.jsonl
2026-06-08T08:09:08.561Z	M	plugins/av-graph/frontend/style.css	/home/kinax/.codex/sessions/2026/06/08/rollout-2026-06-08T16-08-55-019ea647-0e81-7d81-9b62-558364a36e3f.jsonl
2026-06-08T08:09:08.561Z	M	plugins/av-graph/plugin.json	/home/kinax/.codex/sessions/2026/06/08/rollout-2026-06-08T16-08-55-019ea647-0e81-7d81-9b62-558364a36e3f.jsonl
2026-06-08T08:09:08.561Z	M	plugins/avdb/backend.py	/home/kinax/.codex/sessions/2026/06/08/rollout-2026-06-08T16-08-55-019ea647-0e81-7d81-9b62-558364a36e3f.jsonl
2026-06-08T08:09:08.561Z	M	plugins/avdb/plugin.json	/home/kinax/.codex/sessions/2026/06/08/rollout-2026-06-08T16-08-55-019ea647-0e81-7d81-9b62-558364a36e3f.jsonl
2026-06-08T08:09:08.561Z	M	plugins/javdb/backend.py	/home/kinax/.codex/sessions/2026/06/08/rollout-2026-06-08T16-08-55-019ea647-0e81-7d81-9b62-558364a36e3f.jsonl
2026-06-08T08:09:08.561Z	M	plugins/javdb/frontend/page.js	/home/kinax/.codex/sessions/2026/06/08/rollout-2026-06-08T16-08-55-019ea647-0e81-7d81-9b62-558364a36e3f.jsonl
2026-06-08T08:09:08.561Z	M	plugins/javdb/frontend/style.css	/home/kinax/.codex/sessions/2026/06/08/rollout-2026-06-08T16-08-55-019ea647-0e81-7d81-9b62-558364a36e3f.jsonl
2026-06-08T08:09:08.561Z	M	plugins/javdb/plugin.json	/home/kinax/.codex/sessions/2026/06/08/rollout-2026-06-08T16-08-55-019ea647-0e81-7d81-9b62-558364a36e3f.jsonl
2026-06-08T08:09:08.561Z	M	plugins/local-subtitle-library/plugin.json	/home/kinax/.codex/sessions/2026/06/08/rollout-2026-06-08T16-08-55-019ea647-0e81-7d81-9b62-558364a36e3f.jsonl
2026-06-08T08:09:08.561Z	M	plugins/mdc-ng-manual/backend.py	/home/kinax/.codex/sessions/2026/06/08/rollout-2026-06-08T16-08-55-019ea647-0e81-7d81-9b62-558364a36e3f.jsonl
2026-06-08T08:09:08.561Z	M	plugins/mdc-ng-manual/plugin.json	/home/kinax/.codex/sessions/2026/06/08/rollout-2026-06-08T16-08-55-019ea647-0e81-7d81-9b62-558364a36e3f.jsonl
2026-06-08T08:09:08.561Z	M	plugins/mteam-plugin/MTEAM_API.md	/home/kinax/.codex/sessions/2026/06/08/rollout-2026-06-08T16-08-55-019ea647-0e81-7d81-9b62-558364a36e3f.jsonl
2026-06-08T08:09:08.561Z	M	plugins/mteam-plugin/backend.py	/home/kinax/.codex/sessions/2026/06/08/rollout-2026-06-08T16-08-55-019ea647-0e81-7d81-9b62-558364a36e3f.jsonl
2026-06-08T08:09:08.561Z	M	plugins/mteam-plugin/frontend/page.js	/home/kinax/.codex/sessions/2026/06/08/rollout-2026-06-08T16-08-55-019ea647-0e81-7d81-9b62-558364a36e3f.jsonl
2026-06-08T08:09:08.561Z	M	plugins/mteam-plugin/plugin.json	/home/kinax/.codex/sessions/2026/06/08/rollout-2026-06-08T16-08-55-019ea647-0e81-7d81-9b62-558364a36e3f.jsonl
2026-06-08T08:09:08.561Z	M	plugins/qbittorrent/backend.py	/home/kinax/.codex/sessions/2026/06/08/rollout-2026-06-08T16-08-55-019ea647-0e81-7d81-9b62-558364a36e3f.jsonl
2026-06-08T08:09:08.561Z	M	plugins/qbittorrent/plugin.json	/home/kinax/.codex/sessions/2026/06/08/rollout-2026-06-08T16-08-55-019ea647-0e81-7d81-9b62-558364a36e3f.jsonl
2026-06-08T08:09:08.561Z	M	plugins/transmission/plugin.json	/home/kinax/.codex/sessions/2026/06/08/rollout-2026-06-08T16-08-55-019ea647-0e81-7d81-9b62-558364a36e3f.jsonl
2026-06-08T08:09:08.561Z	M	plugins/widget-system/backend.py	/home/kinax/.codex/sessions/2026/06/08/rollout-2026-06-08T16-08-55-019ea647-0e81-7d81-9b62-558364a36e3f.jsonl
2026-06-08T08:09:08.561Z	M	plugins/widget-system/plugin.json	/home/kinax/.codex/sessions/2026/06/08/rollout-2026-06-08T16-08-55-019ea647-0e81-7d81-9b62-558364a36e3f.jsonl
2026-06-08T08:09:08.561Z	M	plugins/xunlei-remote/backend.py	/home/kinax/.codex/sessions/2026/06/08/rollout-2026-06-08T16-08-55-019ea647-0e81-7d81-9b62-558364a36e3f.jsonl
2026-06-08T08:09:08.561Z	M	plugins/xunlei-remote/frontend/page.js	/home/kinax/.codex/sessions/2026/06/08/rollout-2026-06-08T16-08-55-019ea647-0e81-7d81-9b62-558364a36e3f.jsonl
2026-06-08T08:09:08.561Z	M	plugins/xunlei-remote/frontend/style.css	/home/kinax/.codex/sessions/2026/06/08/rollout-2026-06-08T16-08-55-019ea647-0e81-7d81-9b62-558364a36e3f.jsonl
2026-06-08T08:09:08.561Z	M	plugins/xunlei-remote/plugin.json	/home/kinax/.codex/sessions/2026/06/08/rollout-2026-06-08T16-08-55-019ea647-0e81-7d81-9b62-558364a36e3f.jsonl
2026-06-08T08:09:08.561Z	M	plugins/xunlei-subtitle/plugin.json	/home/kinax/.codex/sessions/2026/06/08/rollout-2026-06-08T16-08-55-019ea647-0e81-7d81-9b62-558364a36e3f.jsonl
2026-06-08T08:09:08.561Z	??	AGENTS.md	/home/kinax/.codex/sessions/2026/06/08/rollout-2026-06-08T16-08-55-019ea647-0e81-7d81-9b62-558364a36e3f.jsonl
2026-06-08T08:09:08.561Z	??	HANDOFF.md	/home/kinax/.codex/sessions/2026/06/08/rollout-2026-06-08T16-08-55-019ea647-0e81-7d81-9b62-558364a36e3f.jsonl
2026-06-08T08:09:08.561Z	??	backend/app/api/search.py	/home/kinax/.codex/sessions/2026/06/08/rollout-2026-06-08T16-08-55-019ea647-0e81-7d81-9b62-558364a36e3f.jsonl
2026-06-08T08:09:08.561Z	??	backend/app/plugins/external_tasks.py	/home/kinax/.codex/sessions/2026/06/08/rollout-2026-06-08T16-08-55-019ea647-0e81-7d81-9b62-558364a36e3f.jsonl
2026-06-08T08:09:08.561Z	??	data/av_recommend/	/home/kinax/.codex/sessions/2026/06/08/rollout-2026-06-08T16-08-55-019ea647-0e81-7d81-9b62-558364a36e3f.jsonl
2026-06-08T08:09:08.561Z	??	data/plugin_cache/avdb/	/home/kinax/.codex/sessions/2026/06/08/rollout-2026-06-08T16-08-55-019ea647-0e81-7d81-9b62-558364a36e3f.jsonl
2026-06-08T08:09:08.561Z	??	data/plugin_cache/mteam-plugin/covers/1010401.json	/home/kinax/.codex/sessions/2026/06/08/rollout-2026-06-08T16-08-55-019ea647-0e81-7d81-9b62-558364a36e3f.jsonl
2026-06-08T08:09:08.561Z	??	data/plugin_cache/mteam-plugin/covers/1011910.json	/home/kinax/.codex/sessions/2026/06/08/rollout-2026-06-08T16-08-55-019ea647-0e81-7d81-9b62-558364a36e3f.jsonl
2026-06-08T08:09:08.561Z	??	data/plugin_cache/mteam-plugin/covers/1027576.json	/home/kinax/.codex/sessions/2026/06/08/rollout-2026-06-08T16-08-55-019ea647-0e81-7d81-9b62-558364a36e3f.jsonl
2026-06-08T08:09:08.561Z	??	data/plugin_cache/mteam-plugin/covers/1033073.json	/home/kinax/.codex/sessions/2026/06/08/rollout-2026-06-08T16-08-55-019ea647-0e81-7d81-9b62-558364a36e3f.jsonl
2026-06-08T08:09:08.561Z	??	data/plugin_cache/mteam-plugin/covers/1033645.json	/home/kinax/.codex/sessions/2026/06/08/rollout-2026-06-08T16-08-55-019ea647-0e81-7d81-9b62-558364a36e3f.jsonl
2026-06-08T08:09:08.561Z	??	data/plugin_cache/mteam-plugin/covers/1033904.json	/home/kinax/.codex/sessions/2026/06/08/rollout-2026-06-08T16-08-55-019ea647-0e81-7d81-9b62-558364a36e3f.jsonl
2026-06-08T08:09:08.561Z	??	data/plugin_cache/mteam-plugin/covers/1082175.json	/home/kinax/.codex/sessions/2026/06/08/rollout-2026-06-08T16-08-55-019ea647-0e81-7d81-9b62-558364a36e3f.jsonl
2026-06-08T08:09:08.561Z	??	data/plugin_cache/mteam-plugin/covers/1089105.json	/home/kinax/.codex/sessions/2026/06/08/rollout-2026-06-08T16-08-55-019ea647-0e81-7d81-9b62-558364a36e3f.jsonl
2026-06-08T08:09:08.561Z	??	data/plugin_cache/mteam-plugin/covers/1095623.json	/home/kinax/.codex/sessions/2026/06/08/rollout-2026-06-08T16-08-55-019ea647-0e81-7d81-9b62-558364a36e3f.jsonl
2026-06-08T08:09:08.561Z	??	data/plugin_cache/mteam-plugin/covers/1102239.json	/home/kinax/.codex/sessions/2026/06/08/rollout-2026-06-08T16-08-55-019ea647-0e81-7d81-9b62-558364a36e3f.jsonl
2026-06-08T08:09:08.561Z	??	data/plugin_cache/mteam-plugin/covers/1102553.json	/home/kinax/.codex/sessions/2026/06/08/rollout-2026-06-08T16-08-55-019ea647-0e81-7d81-9b62-558364a36e3f.jsonl
2026-06-08T08:09:08.561Z	??	data/plugin_cache/mteam-plugin/covers/1104107.json	/home/kinax/.codex/sessions/2026/06/08/rollout-2026-06-08T16-08-55-019ea647-0e81-7d81-9b62-558364a36e3f.jsonl
2026-06-08T08:09:08.561Z	??	data/plugin_cache/mteam-plugin/covers/1110290.json	/home/kinax/.codex/sessions/2026/06/08/rollout-2026-06-08T16-08-55-019ea647-0e81-7d81-9b62-558364a36e3f.jsonl
2026-06-08T08:09:08.561Z	??	data/plugin_cache/mteam-plugin/covers/1121322.json	/home/kinax/.codex/sessions/2026/06/08/rollout-2026-06-08T16-08-55-019ea647-0e81-7d81-9b62-558364a36e3f.jsonl
2026-06-08T08:09:08.561Z	??	data/plugin_cache/mteam-plugin/covers/1121323.json	/home/kinax/.codex/sessions/2026/06/08/rollout-2026-06-08T16-08-55-019ea647-0e81-7d81-9b62-558364a36e3f.jsonl
2026-06-08T08:09:08.561Z	??	data/plugin_cache/mteam-plugin/covers/1140692.json	/home/kinax/.codex/sessions/2026/06/08/rollout-2026-06-08T16-08-55-019ea647-0e81-7d81-9b62-558364a36e3f.jsonl
2026-06-08T08:09:08.561Z	??	data/plugin_cache/mteam-plugin/covers/1141915.json	/home/kinax/.codex/sessions/2026/06/08/rollout-2026-06-08T16-08-55-019ea647-0e81-7d81-9b62-558364a36e3f.jsonl
2026-06-08T08:09:08.561Z	??	data/plugin_cache/mteam-plugin/covers/1142837.json	/home/kinax/.codex/sessions/2026/06/08/rollout-2026-06-08T16-08-55-019ea647-0e81-7d81-9b62-558364a36e3f.jsonl
2026-06-08T08:09:08.561Z	??	data/plugin_cache/mteam-plugin/covers/1157456.json	/home/kinax/.codex/sessions/2026/06/08/rollout-2026-06-08T16-08-55-019ea647-0e81-7d81-9b62-558364a36e3f.jsonl
2026-06-08T08:09:08.561Z	??	data/plugin_cache/mteam-plugin/covers/1160504.json	/home/kinax/.codex/sessions/2026/06/08/rollout-2026-06-08T16-08-55-019ea647-0e81-7d81-9b62-558364a36e3f.jsonl
2026-06-08T08:09:08.561Z	??	data/plugin_cache/mteam-plugin/covers/1160651.json	/home/kinax/.codex/sessions/2026/06/08/rollout-2026-06-08T16-08-55-019ea647-0e81-7d81-9b62-558364a36e3f.jsonl
2026-06-08T08:09:08.561Z	??	data/plugin_cache/mteam-plugin/covers/1164374.json	/home/kinax/.codex/sessions/2026/06/08/rollout-2026-06-08T16-08-55-019ea647-0e81-7d81-9b62-558364a36e3f.jsonl
2026-06-08T08:09:08.561Z	??	data/plugin_cache/mteam-plugin/covers/1164682.json	/home/kinax/.codex/sessions/2026/06/08/rollout-2026-06-08T16-08-55-019ea647-0e81-7d81-9b62-558364a36e3f.jsonl
2026-06-08T08:09:08.561Z	??	data/plugin_cache/mteam-plugin/covers/1164741.json	/home/kinax/.codex/sessions/2026/06/08/rollout-2026-06-08T16-08-55-019ea647-0e81-7d81-9b62-558364a36e3f.jsonl
2026-06-08T08:09:08.561Z	??	data/plugin_cache/mteam-plugin/covers/1164790.json	/home/kinax/.codex/sessions/2026/06/08/rollout-2026-06-08T16-08-55-019ea647-0e81-7d81-9b62-558364a36e3f.jsonl
2026-06-08T08:09:08.561Z	??	data/plugin_cache/mteam-plugin/covers/1164876.json	/home/kinax/.codex/sessions/2026/06/08/rollout-2026-06-08T16-08-55-019ea647-0e81-7d81-9b62-558364a36e3f.jsonl
2026-06-08T08:09:08.561Z	??	data/plugin_cache/mteam-plugin/covers/1164997.json	/home/kinax/.codex/sessions/2026/06/08/rollout-2026-06-08T16-08-55-019ea647-0e81-7d81-9b62-558364a36e3f.jsonl
2026-06-08T08:09:08.561Z	??	data/plugin_cache/mteam-plugin/covers/1165501.json	/home/kinax/.codex/sessions/2026/06/08/rollout-2026-06-08T16-08-55-019ea647-0e81-7d81-9b62-558364a36e3f.jsonl
2026-06-08T08:09:08.561Z	??	data/plugin_cache/mteam-plugin/covers/1165675.json	/home/kinax/.codex/sessions/2026/06/08/rollout-2026-06-08T16-08-55-019ea647-0e81-7d81-9b62-558364a36e3f.jsonl
2026-06-08T08:09:08.561Z	??	data/plugin_cache/mteam-plugin/covers/1165837.json	/home/kinax/.codex/sessions/2026/06/08/rollout-2026-06-08T16-08-55-019ea647-0e81-7d81-9b62-558364a36e3f.jsonl
2026-06-08T08:09:08.561Z	??	data/plugin_cache/mteam-plugin/covers/1165862.json	/home/kinax/.codex/sessions/2026/06/08/rollout-2026-06-08T16-08-55-019ea647-0e81-7d81-9b62-558364a36e3f.jsonl
2026-06-08T08:09:08.561Z	??	data/plugin_cache/mteam-plugin/covers/1165889.json	/home/kinax/.codex/sessions/2026/06/08/rollout-2026-06-08T16-08-55-019ea647-0e81-7d81-9b62-558364a36e3f.jsonl
2026-06-08T08:09:08.561Z	??	data/plugin_cache/mteam-plugin/covers/1165991.json	/home/kinax/.codex/sessions/2026/06/08/rollout-2026-06-08T16-08-55-019ea647-0e81-7d81-9b62-558364a36e3f.jsonl
2026-06-08T08:09:08.561Z	??	data/plugin_cache/mteam-plugin/covers/1166644.json	/home/kinax/.codex/sessions/2026/06/08/rollout-2026-06-08T16-08-55-019ea647-0e81-7d81-9b62-558364a36e3f.jsonl
2026-06-08T08:09:08.561Z	??	data/plugin_cache/mteam-plugin/covers/1166646.json	/home/kinax/.codex/sessions/2026/06/08/rollout-2026-06-08T16-08-55-019ea647-0e81-7d81-9b62-558364a36e3f.jsonl
2026-06-08T08:09:08.561Z	??	data/plugin_cache/mteam-plugin/covers/1167209.json	/home/kinax/.codex/sessions/2026/06/08/rollout-2026-06-08T16-08-55-019ea647-0e81-7d81-9b62-558364a36e3f.jsonl
2026-06-08T08:09:08.561Z	??	data/plugin_cache/mteam-plugin/covers/1167470.json	/home/kinax/.codex/sessions/2026/06/08/rollout-2026-06-08T16-08-55-019ea647-0e81-7d81-9b62-558364a36e3f.jsonl
2026-06-08T08:09:08.561Z	??	data/plugin_cache/mteam-plugin/covers/1168300.json	/home/kinax/.codex/sessions/2026/06/08/rollout-2026-06-08T16-08-55-019ea647-0e81-7d81-9b62-558364a36e3f.jsonl
2026-06-08T08:09:08.561Z	??	data/plugin_cache/mteam-plugin/covers/1168562.json	/home/kinax/.codex/sessions/2026/06/08/rollout-2026-06-08T16-08-55-019ea647-0e81-7d81-9b62-558364a36e3f.jsonl
2026-06-08T08:09:08.561Z	??	data/plugin_cache/mteam-plugin/covers/1168631.json	/home/kinax/.codex/sessions/2026/06/08/rollout-2026-06-08T16-08-55-019ea647-0e81-7d81-9b62-558364a36e3f.jsonl
2026-06-08T08:09:08.561Z	??	data/plugin_cache/mteam-plugin/covers/1168940.json	/home/kinax/.codex/sessions/2026/06/08/rollout-2026-06-08T16-08-55-019ea647-0e81-7d81-9b62-558364a36e3f.jsonl
2026-06-08T08:09:08.561Z	??	data/plugin_cache/mteam-plugin/covers/1169197.json	/home/kinax/.codex/sessions/2026/06/08/rollout-2026-06-08T16-08-55-019ea647-0e81-7d81-9b62-558364a36e3f.jsonl
2026-06-08T08:09:08.561Z	??	data/plugin_cache/mteam-plugin/covers/1169601.json	/home/kinax/.codex/sessions/2026/06/08/rollout-2026-06-08T16-08-55-019ea647-0e81-7d81-9b62-558364a36e3f.jsonl
2026-06-08T08:09:08.561Z	??	data/plugin_cache/mteam-plugin/covers/1171270.json	/home/kinax/.codex/sessions/2026/06/08/rollout-2026-06-08T16-08-55-019ea647-0e81-7d81-9b62-558364a36e3f.jsonl
2026-06-08T08:09:08.561Z	??	data/plugin_cache/mteam-plugin/covers/1171449.json	/home/kinax/.codex/sessions/2026/06/08/rollout-2026-06-08T16-08-55-019ea647-0e81-7d81-9b62-558364a36e3f.jsonl
2026-06-08T08:09:08.561Z	??	data/plugin_cache/mteam-plugin/covers/1171630.json	/home/kinax/.codex/sessions/2026/06/08/rollout-2026-06-08T16-08-55-019ea647-0e81-7d81-9b62-558364a36e3f.jsonl
2026-06-08T08:09:08.561Z	??	data/plugin_cache/mteam-plugin/covers/1171641.json	/home/kinax/.codex/sessions/2026/06/08/rollout-2026-06-08T16-08-55-019ea647-0e81-7d81-9b62-558364a36e3f.jsonl
2026-06-08T08:09:08.561Z	??	data/plugin_cache/mteam-plugin/covers/1171893.json	/home/kinax/.codex/sessions/2026/06/08/rollout-2026-06-08T16-08-55-019ea647-0e81-7d81-9b62-558364a36e3f.jsonl
2026-06-08T08:09:08.561Z	??	data/plugin_cache/mteam-plugin/covers/1171991.json	/home/kinax/.codex/sessions/2026/06/08/rollout-2026-06-08T16-08-55-019ea647-0e81-7d81-9b62-558364a36e3f.jsonl
2026-06-08T08:09:08.561Z	??	data/plugin_cache/mteam-plugin/covers/1172099.json	/home/kinax/.codex/sessions/2026/06/08/rollout-2026-06-08T16-08-55-019ea647-0e81-7d81-9b62-558364a36e3f.jsonl
2026-06-08T08:09:08.561Z	??	data/plugin_cache/mteam-plugin/covers/1172168.json	/home/kinax/.codex/sessions/2026/06/08/rollout-2026-06-08T16-08-55-019ea647-0e81-7d81-9b62-558364a36e3f.jsonl
2026-06-08T08:09:08.561Z	??	data/plugin_cache/mteam-plugin/covers/1172170.json	/home/kinax/.codex/sessions/2026/06/08/rollout-2026-06-08T16-08-55-019ea647-0e81-7d81-9b62-558364a36e3f.jsonl
2026-06-08T08:09:08.561Z	??	data/plugin_cache/mteam-plugin/covers/1172171.json	/home/kinax/.codex/sessions/2026/06/08/rollout-2026-06-08T16-08-55-019ea647-0e81-7d81-9b62-558364a36e3f.jsonl
2026-06-08T08:09:08.561Z	??	data/plugin_cache/mteam-plugin/covers/1172172.json	/home/kinax/.codex/sessions/2026/06/08/rollout-2026-06-08T16-08-55-019ea647-0e81-7d81-9b62-558364a36e3f.jsonl
2026-06-08T08:09:08.561Z	??	data/plugin_cache/mteam-plugin/covers/1172173.json	/home/kinax/.codex/sessions/2026/06/08/rollout-2026-06-08T16-08-55-019ea647-0e81-7d81-9b62-558364a36e3f.jsonl
2026-06-08T08:09:08.561Z	??	data/plugin_cache/mteam-plugin/covers/1172174.json	/home/kinax/.codex/sessions/2026/06/08/rollout-2026-06-08T16-08-55-019ea647-0e81-7d81-9b62-558364a36e3f.jsonl
2026-06-08T08:09:08.561Z	??	data/plugin_cache/mteam-plugin/covers/1172175.json	/home/kinax/.codex/sessions/2026/06/08/rollout-2026-06-08T16-08-55-019ea647-0e81-7d81-9b62-558364a36e3f.jsonl
2026-06-08T08:09:08.561Z	??	data/plugin_cache/mteam-plugin/covers/1172379.json	/home/kinax/.codex/sessions/2026/06/08/rollout-2026-06-08T16-08-55-019ea647-0e81-7d81-9b62-558364a36e3f.jsonl
2026-06-08T08:09:08.561Z	??	data/plugin_cache/mteam-plugin/covers/1172560.json	/home/kinax/.codex/sessions/2026/06/08/rollout-2026-06-08T16-08-55-019ea647-0e81-7d81-9b62-558364a36e3f.jsonl
2026-06-08T08:09:08.561Z	??	data/plugin_cache/mteam-plugin/covers/1172682.json	/home/kinax/.codex/sessions/2026/06/08/rollout-2026-06-08T16-08-55-019ea647-0e81-7d81-9b62-558364a36e3f.jsonl
2026-06-08T08:09:08.561Z	??	data/plugin_cache/mteam-plugin/covers/1173568.json	/home/kinax/.codex/sessions/2026/06/08/rollout-2026-06-08T16-08-55-019ea647-0e81-7d81-9b62-558364a36e3f.jsonl
2026-06-08T08:09:08.561Z	??	data/plugin_cache/mteam-plugin/covers/1173603.json	/home/kinax/.codex/sessions/2026/06/08/rollout-2026-06-08T16-08-55-019ea647-0e81-7d81-9b62-558364a36e3f.jsonl
2026-06-08T08:09:08.561Z	??	data/plugin_cache/mteam-plugin/covers/1174658.json	/home/kinax/.codex/sessions/2026/06/08/rollout-2026-06-08T16-08-55-019ea647-0e81-7d81-9b62-558364a36e3f.jsonl
2026-06-08T08:09:08.561Z	??	data/plugin_cache/mteam-plugin/covers/1174959.json	/home/kinax/.codex/sessions/2026/06/08/rollout-2026-06-08T16-08-55-019ea647-0e81-7d81-9b62-558364a36e3f.jsonl
2026-06-08T08:09:08.561Z	??	data/plugin_cache/mteam-plugin/covers/1175089.json	/home/kinax/.codex/sessions/2026/06/08/rollout-2026-06-08T16-08-55-019ea647-0e81-7d81-9b62-558364a36e3f.jsonl
2026-06-08T08:09:08.561Z	??	data/plugin_cache/mteam-plugin/covers/1175169.json	/home/kinax/.codex/sessions/2026/06/08/rollout-2026-06-08T16-08-55-019ea647-0e81-7d81-9b62-558364a36e3f.jsonl
2026-06-08T08:09:08.561Z	??	data/plugin_cache/mteam-plugin/covers/1175409.json	/home/kinax/.codex/sessions/2026/06/08/rollout-2026-06-08T16-08-55-019ea647-0e81-7d81-9b62-558364a36e3f.jsonl
2026-06-08T08:09:08.561Z	??	data/plugin_cache/mteam-plugin/covers/1175432.json	/home/kinax/.codex/sessions/2026/06/08/rollout-2026-06-08T16-08-55-019ea647-0e81-7d81-9b62-558364a36e3f.jsonl
2026-06-08T08:09:08.561Z	??	data/plugin_cache/mteam-plugin/covers/1175579.json	/home/kinax/.codex/sessions/2026/06/08/rollout-2026-06-08T16-08-55-019ea647-0e81-7d81-9b62-558364a36e3f.jsonl
2026-06-08T08:09:08.561Z	??	data/plugin_cache/mteam-plugin/covers/1175614.json	/home/kinax/.codex/sessions/2026/06/08/rollout-2026-06-08T16-08-55-019ea647-0e81-7d81-9b62-558364a36e3f.jsonl
2026-06-08T08:09:08.561Z	??	data/plugin_cache/mteam-plugin/covers/1175744.json	/home/kinax/.codex/sessions/2026/06/08/rollout-2026-06-08T16-08-55-019ea647-0e81-7d81-9b62-558364a36e3f.jsonl
2026-06-08T08:09:08.561Z	??	data/plugin_cache/mteam-plugin/covers/1175906.json	/home/kinax/.codex/sessions/2026/06/08/rollout-2026-06-08T16-08-55-019ea647-0e81-7d81-9b62-558364a36e3f.jsonl
2026-06-08T08:09:08.561Z	??	data/plugin_cache/mteam-plugin/covers/1175910.json	/home/kinax/.codex/sessions/2026/06/08/rollout-2026-06-08T16-08-55-019ea647-0e81-7d81-9b62-558364a36e3f.jsonl
2026-06-08T08:09:08.561Z	??	data/plugin_cache/mteam-plugin/covers/1176582.json	/home/kinax/.codex/sessions/2026/06/08/rollout-2026-06-08T16-08-55-019ea647-0e81-7d81-9b62-558364a36e3f.jsonl
2026-06-08T08:09:08.561Z	??	data/plugin_cache/mteam-plugin/covers/1177603.json	/home/kinax/.codex/sessions/2026/06/08/rollout-2026-06-08T16-08-55-019ea647-0e81-7d81-9b62-558364a36e3f.jsonl
2026-06-08T08:09:08.561Z	??	data/plugin_cache/mteam-plugin/covers/1178149.json	/home/kinax/.codex/sessions/2026/06/08/rollout-2026-06-08T16-08-55-019ea647-0e81-7d81-9b62-558364a36e3f.jsonl
2026-06-08T08:09:08.561Z	??	data/plugin_cache/mteam-plugin/covers/1178281.json	/home/kinax/.codex/sessions/2026/06/08/rollout-2026-06-08T16-08-55-019ea647-0e81-7d81-9b62-558364a36e3f.jsonl
2026-06-08T08:09:08.561Z	??	data/plugin_cache/mteam-plugin/covers/1178323.json	/home/kinax/.codex/sessions/2026/06/08/rollout-2026-06-08T16-08-55-019ea647-0e81-7d81-9b62-558364a36e3f.jsonl
2026-06-08T08:09:08.561Z	??	data/plugin_cache/mteam-plugin/covers/1178447.json	/home/kinax/.codex/sessions/2026/06/08/rollout-2026-06-08T16-08-55-019ea647-0e81-7d81-9b62-558364a36e3f.jsonl
2026-06-08T08:09:08.561Z	??	data/plugin_cache/mteam-plugin/covers/1178463.json	/home/kinax/.codex/sessions/2026/06/08/rollout-2026-06-08T16-08-55-019ea647-0e81-7d81-9b62-558364a36e3f.jsonl
2026-06-08T08:09:08.561Z	??	data/plugin_cache/mteam-plugin/covers/1178574.json	/home/kinax/.codex/sessions/2026/06/08/rollout-2026-06-08T16-08-55-019ea647-0e81-7d81-9b62-558364a36e3f.jsonl
2026-06-08T08:09:08.561Z	??	data/plugin_cache/mteam-plugin/covers/1178614.json	/home/kinax/.codex/sessions/2026/06/08/rollout-2026-06-08T16-08-55-019ea647-0e81-7d81-9b62-558364a36e3f.jsonl
2026-06-08T08:09:08.561Z	??	data/plugin_cache/mteam-plugin/covers/1178671.json	/home/kinax/.codex/sessions/2026/06/08/rollout-2026-06-08T16-08-55-019ea647-0e81-7d81-9b62-558364a36e3f.jsonl
2026-06-08T08:09:08.561Z	??	data/plugin_cache/mteam-plugin/covers/1179242.json	/home/kinax/.codex/sessions/2026/06/08/rollout-2026-06-08T16-08-55-019ea647-0e81-7d81-9b62-558364a36e3f.jsonl
2026-06-08T08:09:08.561Z	??	data/plugin_cache/mteam-plugin/covers/1179609.json	/home/kinax/.codex/sessions/2026/06/08/rollout-2026-06-08T16-08-55-019ea647-0e81-7d81-9b62-558364a36e3f.jsonl
2026-06-08T08:09:08.561Z	??	data/plugin_cache/mteam-plugin/covers/1179853.json	/home/kinax/.codex/sessions/2026/06/08/rollout-2026-06-08T16-08-55-019ea647-0e81-7d81-9b62-558364a36e3f.jsonl
2026-06-08T08:09:08.561Z	??	data/plugin_cache/mteam-plugin/covers/1179974.json	/home/kinax/.codex/sessions/2026/06/08/rollout-2026-06-08T16-08-55-019ea647-0e81-7d81-9b62-558364a36e3f.jsonl
2026-06-08T08:09:08.561Z	??	data/plugin_cache/mteam-plugin/covers/1180380.json	/home/kinax/.codex/sessions/2026/06/08/rollout-2026-06-08T16-08-55-019ea647-0e81-7d81-9b62-558364a36e3f.jsonl
2026-06-08T08:09:08.561Z	??	data/plugin_cache/mteam-plugin/covers/1180696.json	/home/kinax/.codex/sessions/2026/06/08/rollout-2026-06-08T16-08-55-019ea647-0e81-7d81-9b62-558364a36e3f.jsonl
2026-06-08T08:09:08.561Z	??	data/plugin_cache/mteam-plugin/covers/1181172.json	/home/kinax/.codex/sessions/2026/06/08/rollout-2026-06-08T16-08-55-019ea647-0e81-7d81-9b62-558364a36e3f.jsonl
2026-06-08T08:09:08.561Z	??	data/plugin_cache/mteam-plugin/covers/1181405.json	/home/kinax/.codex/sessions/2026/06/08/rollout-2026-06-08T16-08-55-019ea647-0e81-7d81-9b62-558364a36e3f.jsonl
2026-06-08T08:09:08.561Z	??	data/plugin_cache/mteam-plugin/covers/1181664.json	/home/kinax/.codex/sessions/2026/06/08/rollout-2026-06-08T16-08-55-019ea647-0e81-7d81-9b62-558364a36e3f.jsonl
2026-06-08T08:09:08.561Z	??	data/plugin_cache/mteam-plugin/covers/1181691.json	/home/kinax/.codex/sessions/2026/06/08/rollout-2026-06-08T16-08-55-019ea647-0e81-7d81-9b62-558364a36e3f.jsonl
2026-06-08T08:09:08.561Z	??	data/plugin_cache/mteam-plugin/covers/1181706.json	/home/kinax/.codex/sessions/2026/06/08/rollout-2026-06-08T16-08-55-019ea647-0e81-7d81-9b62-558364a36e3f.jsonl
2026-06-08T08:09:08.561Z	??	data/plugin_cache/mteam-plugin/covers/1181726.json	/home/kinax/.codex/sessions/2026/06/08/rollout-2026-06-08T16-08-55-019ea647-0e81-7d81-9b62-558364a36e3f.jsonl
2026-06-08T08:09:08.561Z	??	data/plugin_cache/mteam-plugin/covers/1181734.json	/home/kinax/.codex/sessions/2026/06/08/rollout-2026-06-08T16-08-55-019ea647-0e81-7d81-9b62-558364a36e3f.jsonl
2026-06-08T08:09:08.561Z	??	data/plugin_cache/mteam-plugin/covers/1181737.json	/home/kinax/.codex/sessions/2026/06/08/rollout-2026-06-08T16-08-55-019ea647-0e81-7d81-9b62-558364a36e3f.jsonl
2026-06-08T08:09:08.561Z	??	data/plugin_cache/mteam-plugin/covers/1181785.json	/home/kinax/.codex/sessions/2026/06/08/rollout-2026-06-08T16-08-55-019ea647-0e81-7d81-9b62-558364a36e3f.jsonl
2026-06-08T08:09:08.561Z	??	data/plugin_cache/mteam-plugin/covers/1181833.json	/home/kinax/.codex/sessions/2026/06/08/rollout-2026-06-08T16-08-55-019ea647-0e81-7d81-9b62-558364a36e3f.jsonl
2026-06-08T08:09:08.561Z	??	data/plugin_cache/mteam-plugin/covers/1181849.json	/home/kinax/.codex/sessions/2026/06/08/rollout-2026-06-08T16-08-55-019ea647-0e81-7d81-9b62-558364a36e3f.jsonl
2026-06-08T08:09:08.561Z	??	data/plugin_cache/mteam-plugin/covers/1181883.json	/home/kinax/.codex/sessions/2026/06/08/rollout-2026-06-08T16-08-55-019ea647-0e81-7d81-9b62-558364a36e3f.jsonl
2026-06-08T08:09:08.561Z	??	data/plugin_cache/mteam-plugin/covers/1181916.json	/home/kinax/.codex/sessions/2026/06/08/rollout-2026-06-08T16-08-55-019ea647-0e81-7d81-9b62-558364a36e3f.jsonl
2026-06-08T08:09:08.561Z	??	data/plugin_cache/mteam-plugin/covers/1181924.json	/home/kinax/.codex/sessions/2026/06/08/rollout-2026-06-08T16-08-55-019ea647-0e81-7d81-9b62-558364a36e3f.jsonl
2026-06-08T08:09:08.561Z	??	data/plugin_cache/mteam-plugin/covers/1182008.json	/home/kinax/.codex/sessions/2026/06/08/rollout-2026-06-08T16-08-55-019ea647-0e81-7d81-9b62-558364a36e3f.jsonl
2026-06-08T08:09:08.561Z	??	data/plugin_cache/mteam-plugin/covers/1182083.json	/home/kinax/.codex/sessions/2026/06/08/rollout-2026-06-08T16-08-55-019ea647-0e81-7d81-9b62-558364a36e3f.jsonl
2026-06-08T08:09:08.561Z	??	data/plugin_cache/mteam-plugin/covers/1182096.json	/home/kinax/.codex/sessions/2026/06/08/rollout-2026-06-08T16-08-55-019ea647-0e81-7d81-9b62-558364a36e3f.jsonl
2026-06-08T08:09:08.561Z	??	data/plugin_cache/mteam-plugin/covers/1182141.json	/home/kinax/.codex/sessions/2026/06/08/rollout-2026-06-08T16-08-55-019ea647-0e81-7d81-9b62-558364a36e3f.jsonl
2026-06-08T08:09:08.561Z	??	data/plugin_cache/mteam-plugin/covers/1182143.json	/home/kinax/.codex/sessions/2026/06/08/rollout-2026-06-08T16-08-55-019ea647-0e81-7d81-9b62-558364a36e3f.jsonl
2026-06-08T08:09:08.561Z	??	data/plugin_cache/mteam-plugin/covers/1182149.json	/home/kinax/.codex/sessions/2026/06/08/rollout-2026-06-08T16-08-55-019ea647-0e81-7d81-9b62-558364a36e3f.jsonl
2026-06-08T08:09:08.561Z	??	data/plugin_cache/mteam-plugin/covers/1182166.json	/home/kinax/.codex/sessions/2026/06/08/rollout-2026-06-08T16-08-55-019ea647-0e81-7d81-9b62-558364a36e3f.jsonl
2026-06-08T08:09:08.561Z	??	data/plugin_cache/mteam-plugin/covers/1182259.json	/home/kinax/.codex/sessions/2026/06/08/rollout-2026-06-08T16-08-55-019ea647-0e81-7d81-9b62-558364a36e3f.jsonl
2026-06-08T08:09:08.561Z	??	data/plugin_cache/mteam-plugin/covers/1182493.json	/home/kinax/.codex/sessions/2026/06/08/rollout-2026-06-08T16-08-55-019ea647-0e81-7d81-9b62-558364a36e3f.jsonl
2026-06-08T08:09:08.561Z	??	data/plugin_cache/mteam-plugin/covers/1182543.json	/home/kinax/.codex/sessions/2026/06/08/rollout-2026-06-08T16-08-55-019ea647-0e81-7d81-9b62-558364a36e3f.jsonl
2026-06-08T08:09:08.561Z	??	data/plugin_cache/mteam-plugin/covers/1182545.json	/home/kinax/.codex/sessions/2026/06/08/rollout-2026-06-08T16-08-55-019ea647-0e81-7d81-9b62-558364a36e3f.jsonl
2026-06-08T08:09:08.561Z	??	data/plugin_cache/mteam-plugin/covers/1182555.json	/home/kinax/.codex/sessions/2026/06/08/rollout-2026-06-08T16-08-55-019ea647-0e81-7d81-9b62-558364a36e3f.jsonl
2026-06-08T08:09:08.561Z	??	data/plugin_cache/mteam-plugin/covers/1182559.json	/home/kinax/.codex/sessions/2026/06/08/rollout-2026-06-08T16-08-55-019ea647-0e81-7d81-9b62-558364a36e3f.jsonl
2026-06-08T08:09:08.561Z	??	data/plugin_cache/mteam-plugin/covers/1182560.json	/home/kinax/.codex/sessions/2026/06/08/rollout-2026-06-08T16-08-55-019ea647-0e81-7d81-9b62-558364a36e3f.jsonl
2026-06-08T08:09:08.561Z	??	data/plugin_cache/mteam-plugin/covers/1182564.json	/home/kinax/.codex/sessions/2026/06/08/rollout-2026-06-08T16-08-55-019ea647-0e81-7d81-9b62-558364a36e3f.jsonl
2026-06-08T08:09:08.561Z	??	data/plugin_cache/mteam-plugin/covers/1182575.json	/home/kinax/.codex/sessions/2026/06/08/rollout-2026-06-08T16-08-55-019ea647-0e81-7d81-9b62-558364a36e3f.jsonl
2026-06-08T08:09:08.561Z	??	data/plugin_cache/mteam-plugin/covers/1182581.json	/home/kinax/.codex/sessions/2026/06/08/rollout-2026-06-08T16-08-55-019ea647-0e81-7d81-9b62-558364a36e3f.jsonl
2026-06-08T08:09:08.561Z	??	data/plugin_cache/mteam-plugin/covers/1182595.json	/home/kinax/.codex/sessions/2026/06/08/rollout-2026-06-08T16-08-55-019ea647-0e81-7d81-9b62-558364a36e3f.jsonl
2026-06-08T08:09:08.561Z	??	data/plugin_cache/mteam-plugin/covers/1182598.json	/home/kinax/.codex/sessions/2026/06/08/rollout-2026-06-08T16-08-55-019ea647-0e81-7d81-9b62-558364a36e3f.jsonl
2026-06-08T08:09:08.561Z	??	data/plugin_cache/mteam-plugin/covers/1182601.json	/home/kinax/.codex/sessions/2026/06/08/rollout-2026-06-08T16-08-55-019ea647-0e81-7d81-9b62-558364a36e3f.jsonl
2026-06-08T08:09:08.561Z	??	data/plugin_cache/mteam-plugin/covers/1182604.json	/home/kinax/.codex/sessions/2026/06/08/rollout-2026-06-08T16-08-55-019ea647-0e81-7d81-9b62-558364a36e3f.jsonl
2026-06-08T08:09:08.561Z	??	data/plugin_cache/mteam-plugin/covers/1182670.json	/home/kinax/.codex/sessions/2026/06/08/rollout-2026-06-08T16-08-55-019ea647-0e81-7d81-9b62-558364a36e3f.jsonl
2026-06-08T08:09:08.561Z	??	data/plugin_cache/mteam-plugin/covers/1182673.json	/home/kinax/.codex/sessions/2026/06/08/rollout-2026-06-08T16-08-55-019ea647-0e81-7d81-9b62-558364a36e3f.jsonl
2026-06-08T08:09:08.561Z	??	data/plugin_cache/mteam-plugin/covers/1182678.json	/home/kinax/.codex/sessions/2026/06/08/rollout-2026-06-08T16-08-55-019ea647-0e81-7d81-9b62-558364a36e3f.jsonl
2026-06-08T08:09:08.561Z	??	data/plugin_cache/mteam-plugin/covers/1182679.json	/home/kinax/.codex/sessions/2026/06/08/rollout-2026-06-08T16-08-55-019ea647-0e81-7d81-9b62-558364a36e3f.jsonl
2026-06-08T08:09:08.561Z	??	data/plugin_cache/mteam-plugin/covers/1182683.json	/home/kinax/.codex/sessions/2026/06/08/rollout-2026-06-08T16-08-55-019ea647-0e81-7d81-9b62-558364a36e3f.jsonl
2026-06-08T08:09:08.561Z	??	data/plugin_cache/mteam-plugin/covers/1182688.json	/home/kinax/.codex/sessions/2026/06/08/rollout-2026-06-08T16-08-55-019ea647-0e81-7d81-9b62-558364a36e3f.jsonl
2026-06-08T08:09:08.561Z	??	data/plugin_cache/mteam-plugin/covers/1182691.json	/home/kinax/.codex/sessions/2026/06/08/rollout-2026-06-08T16-08-55-019ea647-0e81-7d81-9b62-558364a36e3f.jsonl
2026-06-08T08:09:08.561Z	??	data/plugin_cache/mteam-plugin/covers/1182700.json	/home/kinax/.codex/sessions/2026/06/08/rollout-2026-06-08T16-08-55-019ea647-0e81-7d81-9b62-558364a36e3f.jsonl
2026-06-08T08:09:08.561Z	??	data/plugin_cache/mteam-plugin/covers/1182711.json	/home/kinax/.codex/sessions/2026/06/08/rollout-2026-06-08T16-08-55-019ea647-0e81-7d81-9b62-558364a36e3f.jsonl
2026-06-08T08:09:08.561Z	??	data/plugin_cache/mteam-plugin/covers/1182714.json	/home/kinax/.codex/sessions/2026/06/08/rollout-2026-06-08T16-08-55-019ea647-0e81-7d81-9b62-558364a36e3f.jsonl
2026-06-08T08:09:08.561Z	??	data/plugin_cache/mteam-plugin/covers/1182892.json	/home/kinax/.codex/sessions/2026/06/08/rollout-2026-06-08T16-08-55-019ea647-0e81-7d81-9b62-558364a36e3f.jsonl
2026-06-08T08:09:08.561Z	??	data/plugin_cache/mteam-plugin/covers/1182927.json	/home/kinax/.codex/sessions/2026/06/08/rollout-2026-06-08T16-08-55-019ea647-0e81-7d81-9b62-558364a36e3f.jsonl
2026-06-08T08:09:08.561Z	??	data/plugin_cache/mteam-plugin/covers/1182985.json	/home/kinax/.codex/sessions/2026/06/08/rollout-2026-06-08T16-08-55-019ea647-0e81-7d81-9b62-558364a36e3f.jsonl
2026-06-08T08:09:08.561Z	??	data/plugin_cache/mteam-plugin/covers/1182987.json	/home/kinax/.codex/sessions/2026/06/08/rollout-2026-06-08T16-08-55-019ea647-0e81-7d81-9b62-558364a36e3f.jsonl
2026-06-08T08:09:08.561Z	??	data/plugin_cache/mteam-plugin/covers/1183113.json	/home/kinax/.codex/sessions/2026/06/08/rollout-2026-06-08T16-08-55-019ea647-0e81-7d81-9b62-558364a36e3f.jsonl
2026-06-08T08:09:08.561Z	??	data/plugin_cache/mteam-plugin/covers/1183118.json	/home/kinax/.codex/sessions/2026/06/08/rollout-2026-06-08T16-08-55-019ea647-0e81-7d81-9b62-558364a36e3f.jsonl
2026-06-08T08:09:08.561Z	??	data/plugin_cache/mteam-plugin/covers/1183119.json	/home/kinax/.codex/sessions/2026/06/08/rollout-2026-06-08T16-08-55-019ea647-0e81-7d81-9b62-558364a36e3f.jsonl
2026-06-08T08:09:08.561Z	??	data/plugin_cache/mteam-plugin/covers/1183120.json	/home/kinax/.codex/sessions/2026/06/08/rollout-2026-06-08T16-08-55-019ea647-0e81-7d81-9b62-558364a36e3f.jsonl
2026-06-08T08:09:08.561Z	??	data/plugin_cache/mteam-plugin/covers/1183130.json	/home/kinax/.codex/sessions/2026/06/08/rollout-2026-06-08T16-08-55-019ea647-0e81-7d81-9b62-558364a36e3f.jsonl
2026-06-08T08:09:08.561Z	??	data/plugin_cache/mteam-plugin/covers/1183141.json	/home/kinax/.codex/sessions/2026/06/08/rollout-2026-06-08T16-08-55-019ea647-0e81-7d81-9b62-558364a36e3f.jsonl
2026-06-08T08:09:08.561Z	??	data/plugin_cache/mteam-plugin/covers/1183155.json	/home/kinax/.codex/sessions/2026/06/08/rollout-2026-06-08T16-08-55-019ea647-0e81-7d81-9b62-558364a36e3f.jsonl
2026-06-08T08:09:08.561Z	??	data/plugin_cache/mteam-plugin/covers/1183156.json	/home/kinax/.codex/sessions/2026/06/08/rollout-2026-06-08T16-08-55-019ea647-0e81-7d81-9b62-558364a36e3f.jsonl
2026-06-08T08:09:08.561Z	??	data/plugin_cache/mteam-plugin/covers/1183159.json	/home/kinax/.codex/sessions/2026/06/08/rollout-2026-06-08T16-08-55-019ea647-0e81-7d81-9b62-558364a36e3f.jsonl
2026-06-08T08:09:08.561Z	??	data/plugin_cache/mteam-plugin/covers/1183167.json	/home/kinax/.codex/sessions/2026/06/08/rollout-2026-06-08T16-08-55-019ea647-0e81-7d81-9b62-558364a36e3f.jsonl
2026-06-08T08:09:08.561Z	??	data/plugin_cache/mteam-plugin/covers/1183168.json	/home/kinax/.codex/sessions/2026/06/08/rollout-2026-06-08T16-08-55-019ea647-0e81-7d81-9b62-558364a36e3f.jsonl
2026-06-08T08:09:08.561Z	??	data/plugin_cache/mteam-plugin/covers/1183182.json	/home/kinax/.codex/sessions/2026/06/08/rollout-2026-06-08T16-08-55-019ea647-0e81-7d81-9b62-558364a36e3f.jsonl
2026-06-08T08:09:08.561Z	??	data/plugin_cache/mteam-plugin/covers/1183184.json	/home/kinax/.codex/sessions/2026/06/08/rollout-2026-06-08T16-08-55-019ea647-0e81-7d81-9b62-558364a36e3f.jsonl
2026-06-08T08:09:08.561Z	??	data/plugin_cache/mteam-plugin/covers/1183260.json	/home/kinax/.codex/sessions/2026/06/08/rollout-2026-06-08T16-08-55-019ea647-0e81-7d81-9b62-558364a36e3f.jsonl
2026-06-08T08:09:08.561Z	??	data/plugin_cache/mteam-plugin/covers/1183282.json	/home/kinax/.codex/sessions/2026/06/08/rollout-2026-06-08T16-08-55-019ea647-0e81-7d81-9b62-558364a36e3f.jsonl
2026-06-08T08:09:08.561Z	??	data/plugin_cache/mteam-plugin/covers/1183467.json	/home/kinax/.codex/sessions/2026/06/08/rollout-2026-06-08T16-08-55-019ea647-0e81-7d81-9b62-558364a36e3f.jsonl
2026-06-08T08:09:08.561Z	??	data/plugin_cache/mteam-plugin/covers/1183474.json	/home/kinax/.codex/sessions/2026/06/08/rollout-2026-06-08T16-08-55-019ea647-0e81-7d81-9b62-558364a36e3f.jsonl
2026-06-08T08:09:08.561Z	??	data/plugin_cache/mteam-plugin/covers/1183483.json	/home/kinax/.codex/sessions/2026/06/08/rollout-2026-06-08T16-08-55-019ea647-0e81-7d81-9b62-558364a36e3f.jsonl
2026-06-08T08:09:08.561Z	??	data/plugin_cache/mteam-plugin/covers/1183495.json	/home/kinax/.codex/sessions/2026/06/08/rollout-2026-06-08T16-08-55-019ea647-0e81-7d81-9b62-558364a36e3f.jsonl
2026-06-08T08:09:08.561Z	??	data/plugin_cache/mteam-plugin/covers/1183499.json	/home/kinax/.codex/sessions/2026/06/08/rollout-2026-06-08T16-08-55-019ea647-0e81-7d81-9b62-558364a36e3f.jsonl
2026-06-08T08:09:08.561Z	??	data/plugin_cache/mteam-plugin/covers/1183501.json	/home/kinax/.codex/sessions/2026/06/08/rollout-2026-06-08T16-08-55-019ea647-0e81-7d81-9b62-558364a36e3f.jsonl
2026-06-08T08:09:08.561Z	??	data/plugin_cache/mteam-plugin/covers/1183508.json	/home/kinax/.codex/sessions/2026/06/08/rollout-2026-06-08T16-08-55-019ea647-0e81-7d81-9b62-558364a36e3f.jsonl
2026-06-08T08:09:08.561Z	??	data/plugin_cache/mteam-plugin/covers/1183509.json	/home/kinax/.codex/sessions/2026/06/08/rollout-2026-06-08T16-08-55-019ea647-0e81-7d81-9b62-558364a36e3f.jsonl
2026-06-08T08:09:08.561Z	??	data/plugin_cache/mteam-plugin/covers/1183523.json	/home/kinax/.codex/sessions/2026/06/08/rollout-2026-06-08T16-08-55-019ea647-0e81-7d81-9b62-558364a36e3f.jsonl
2026-06-08T08:09:08.561Z	??	data/plugin_cache/mteam-plugin/covers/1183536.json	/home/kinax/.codex/sessions/2026/06/08/rollout-2026-06-08T16-08-55-019ea647-0e81-7d81-9b62-558364a36e3f.jsonl
2026-06-08T08:09:08.561Z	??	data/plugin_cache/mteam-plugin/covers/1183621.json	/home/kinax/.codex/sessions/2026/06/08/rollout-2026-06-08T16-08-55-019ea647-0e81-7d81-9b62-558364a36e3f.jsonl
2026-06-08T08:09:08.561Z	??	data/plugin_cache/mteam-plugin/covers/1183633.json	/home/kinax/.codex/sessions/2026/06/08/rollout-2026-06-08T16-08-55-019ea647-0e81-7d81-9b62-558364a36e3f.jsonl
2026-06-08T08:09:08.561Z	??	data/plugin_cache/mteam-plugin/covers/1183635.json	/home/kinax/.codex/sessions/2026/06/08/rollout-2026-06-08T16-08-55-019ea647-0e81-7d81-9b62-558364a36e3f.jsonl
2026-06-08T08:09:08.561Z	??	data/plugin_cache/mteam-plugin/covers/1183755.json	/home/kinax/.codex/sessions/2026/06/08/rollout-2026-06-08T16-08-55-019ea647-0e81-7d81-9b62-558364a36e3f.jsonl
2026-06-08T08:09:08.561Z	??	data/plugin_cache/mteam-plugin/covers/1183794.json	/home/kinax/.codex/sessions/2026/06/08/rollout-2026-06-08T16-08-55-019ea647-0e81-7d81-9b62-558364a36e3f.jsonl
2026-06-08T08:09:08.561Z	??	data/plugin_cache/mteam-plugin/covers/1183985.json	/home/kinax/.codex/sessions/2026/06/08/rollout-2026-06-08T16-08-55-019ea647-0e81-7d81-9b62-558364a36e3f.jsonl
2026-06-08T08:09:08.561Z	??	data/plugin_cache/mteam-plugin/covers/1183997.json	/home/kinax/.codex/sessions/2026/06/08/rollout-2026-06-08T16-08-55-019ea647-0e81-7d81-9b62-558364a36e3f.jsonl
2026-06-08T08:09:08.561Z	??	data/plugin_cache/mteam-plugin/covers/1184006.json	/home/kinax/.codex/sessions/2026/06/08/rollout-2026-06-08T16-08-55-019ea647-0e81-7d81-9b62-558364a36e3f.jsonl
2026-06-08T08:09:08.561Z	??	data/plugin_cache/mteam-plugin/covers/1184220.json	/home/kinax/.codex/sessions/2026/06/08/rollout-2026-06-08T16-08-55-019ea647-0e81-7d81-9b62-558364a36e3f.jsonl
2026-06-08T08:09:08.561Z	??	data/plugin_cache/mteam-plugin/covers/1184316.json	/home/kinax/.codex/sessions/2026/06/08/rollout-2026-06-08T16-08-55-019ea647-0e81-7d81-9b62-558364a36e3f.jsonl
2026-06-08T08:09:08.561Z	??	data/plugin_cache/mteam-plugin/covers/1184717.json	/home/kinax/.codex/sessions/2026/06/08/rollout-2026-06-08T16-08-55-019ea647-0e81-7d81-9b62-558364a36e3f.jsonl
2026-06-08T08:09:08.561Z	??	data/plugin_cache/mteam-plugin/covers/1184750.json	/home/kinax/.codex/sessions/2026/06/08/rollout-2026-06-08T16-08-55-019ea647-0e81-7d81-9b62-558364a36e3f.jsonl
2026-06-08T08:09:08.561Z	??	data/plugin_cache/mteam-plugin/covers/1184898.json	/home/kinax/.codex/sessions/2026/06/08/rollout-2026-06-08T16-08-55-019ea647-0e81-7d81-9b62-558364a36e3f.jsonl
2026-06-08T08:09:08.561Z	??	data/plugin_cache/mteam-plugin/covers/1184939.json	/home/kinax/.codex/sessions/2026/06/08/rollout-2026-06-08T16-08-55-019ea647-0e81-7d81-9b62-558364a36e3f.jsonl
2026-06-08T08:09:08.561Z	??	data/plugin_cache/mteam-plugin/covers/1184952.json	/home/kinax/.codex/sessions/2026/06/08/rollout-2026-06-08T16-08-55-019ea647-0e81-7d81-9b62-558364a36e3f.jsonl
2026-06-08T08:09:08.561Z	??	data/plugin_cache/mteam-plugin/covers/1184973.json	/home/kinax/.codex/sessions/2026/06/08/rollout-2026-06-08T16-08-55-019ea647-0e81-7d81-9b62-558364a36e3f.jsonl
2026-06-08T08:09:08.561Z	??	data/plugin_cache/mteam-plugin/covers/1184993.json	/home/kinax/.codex/sessions/2026/06/08/rollout-2026-06-08T16-08-55-019ea647-0e81-7d81-9b62-558364a36e3f.jsonl
2026-06-08T08:09:08.561Z	??	data/plugin_cache/mteam-plugin/covers/1184995.json	/home/kinax/.codex/sessions/2026/06/08/rollout-2026-06-08T16-08-55-019ea647-0e81-7d81-9b62-558364a36e3f.jsonl
2026-06-08T08:09:08.561Z	??	data/plugin_cache/mteam-plugin/covers/1184996.json	/home/kinax/.codex/sessions/2026/06/08/rollout-2026-06-08T16-08-55-019ea647-0e81-7d81-9b62-558364a36e3f.jsonl
2026-06-08T08:09:08.561Z	??	data/plugin_cache/mteam-plugin/covers/1185008.json	/home/kinax/.codex/sessions/2026/06/08/rollout-2026-06-08T16-08-55-019ea647-0e81-7d81-9b62-558364a36e3f.jsonl
2026-06-08T08:09:08.561Z	??	data/plugin_cache/mteam-plugin/covers/1185010.json	/home/kinax/.codex/sessions/2026/06/08/rollout-2026-06-08T16-08-55-019ea647-0e81-7d81-9b62-558364a36e3f.jsonl
2026-06-08T08:09:08.561Z	??	data/plugin_cache/mteam-plugin/covers/1185013.json	/home/kinax/.codex/sessions/2026/06/08/rollout-2026-06-08T16-08-55-019ea647-0e81-7d81-9b62-558364a36e3f.jsonl
2026-06-08T08:09:08.561Z	??	data/plugin_cache/mteam-plugin/covers/1185016.json	/home/kinax/.codex/sessions/2026/06/08/rollout-2026-06-08T16-08-55-019ea647-0e81-7d81-9b62-558364a36e3f.jsonl
2026-06-08T08:09:08.561Z	??	data/plugin_cache/mteam-plugin/covers/1185017.json	/home/kinax/.codex/sessions/2026/06/08/rollout-2026-06-08T16-08-55-019ea647-0e81-7d81-9b62-558364a36e3f.jsonl
2026-06-08T08:09:08.561Z	??	data/plugin_cache/mteam-plugin/covers/1185022.json	/home/kinax/.codex/sessions/2026/06/08/rollout-2026-06-08T16-08-55-019ea647-0e81-7d81-9b62-558364a36e3f.jsonl
2026-06-08T08:09:08.561Z	??	data/plugin_cache/mteam-plugin/covers/1185166.json	/home/kinax/.codex/sessions/2026/06/08/rollout-2026-06-08T16-08-55-019ea647-0e81-7d81-9b62-558364a36e3f.jsonl
2026-06-08T08:09:08.561Z	??	data/plugin_cache/mteam-plugin/covers/1185213.json	/home/kinax/.codex/sessions/2026/06/08/rollout-2026-06-08T16-08-55-019ea647-0e81-7d81-9b62-558364a36e3f.jsonl
2026-06-08T08:09:08.561Z	??	data/plugin_cache/mteam-plugin/covers/1185214.json	/home/kinax/.codex/sessions/2026/06/08/rollout-2026-06-08T16-08-55-019ea647-0e81-7d81-9b62-558364a36e3f.jsonl
2026-06-08T08:09:08.561Z	??	data/plugin_cache/mteam-plugin/covers/1185339.json	/home/kinax/.codex/sessions/2026/06/08/rollout-2026-06-08T16-08-55-019ea647-0e81-7d81-9b62-558364a36e3f.jsonl
2026-06-08T08:09:08.561Z	??	data/plugin_cache/mteam-plugin/covers/1185352.json	/home/kinax/.codex/sessions/2026/06/08/rollout-2026-06-08T16-08-55-019ea647-0e81-7d81-9b62-558364a36e3f.jsonl
2026-06-08T08:09:08.561Z	??	data/plugin_cache/mteam-plugin/covers/1185353.json	/home/kinax/.codex/sessions/2026/06/08/rollout-2026-06-08T16-08-55-019ea647-0e81-7d81-9b62-558364a36e3f.jsonl
2026-06-08T08:09:08.561Z	??	data/plugin_cache/mteam-plugin/covers/1185354.json	/home/kinax/.codex/sessions/2026/06/08/rollout-2026-06-08T16-08-55-019ea647-0e81-7d81-9b62-558364a36e3f.jsonl
2026-06-08T08:09:08.561Z	??	data/plugin_cache/mteam-plugin/covers/1185355.json	/home/kinax/.codex/sessions/2026/06/08/rollout-2026-06-08T16-08-55-019ea647-0e81-7d81-9b62-558364a36e3f.jsonl
2026-06-08T08:09:08.561Z	??	data/plugin_cache/mteam-plugin/covers/1185485.json	/home/kinax/.codex/sessions/2026/06/08/rollout-2026-06-08T16-08-55-019ea647-0e81-7d81-9b62-558364a36e3f.jsonl
2026-06-08T08:09:08.561Z	??	data/plugin_cache/mteam-plugin/covers/1185487.json	/home/kinax/.codex/sessions/2026/06/08/rollout-2026-06-08T16-08-55-019ea647-0e81-7d81-9b62-558364a36e3f.jsonl
2026-06-08T08:09:08.561Z	??	data/plugin_cache/mteam-plugin/covers/1185488.json	/home/kinax/.codex/sessions/2026/06/08/rollout-2026-06-08T16-08-55-019ea647-0e81-7d81-9b62-558364a36e3f.jsonl
2026-06-08T08:09:08.561Z	??	data/plugin_cache/mteam-plugin/covers/1185490.json	/home/kinax/.codex/sessions/2026/06/08/rollout-2026-06-08T16-08-55-019ea647-0e81-7d81-9b62-558364a36e3f.jsonl
2026-06-08T08:09:08.561Z	??	data/plugin_cache/mteam-plugin/covers/1185583.json	/home/kinax/.codex/sessions/2026/06/08/rollout-2026-06-08T16-08-55-019ea647-0e81-7d81-9b62-558364a36e3f.jsonl
2026-06-08T08:09:08.561Z	??	data/plugin_cache/mteam-plugin/covers/1185608.json	/home/kinax/.codex/sessions/2026/06/08/rollout-2026-06-08T16-08-55-019ea647-0e81-7d81-9b62-558364a36e3f.jsonl
2026-06-08T08:09:08.561Z	??	data/plugin_cache/mteam-plugin/covers/1185621.json	/home/kinax/.codex/sessions/2026/06/08/rollout-2026-06-08T16-08-55-019ea647-0e81-7d81-9b62-558364a36e3f.jsonl
2026-06-08T08:09:08.561Z	??	data/plugin_cache/mteam-plugin/covers/1185622.json	/home/kinax/.codex/sessions/2026/06/08/rollout-2026-06-08T16-08-55-019ea647-0e81-7d81-9b62-558364a36e3f.jsonl
2026-06-08T08:09:08.561Z	??	data/plugin_cache/mteam-plugin/covers/1185636.json	/home/kinax/.codex/sessions/2026/06/08/rollout-2026-06-08T16-08-55-019ea647-0e81-7d81-9b62-558364a36e3f.jsonl
2026-06-08T08:09:08.561Z	??	data/plugin_cache/mteam-plugin/covers/1185644.json	/home/kinax/.codex/sessions/2026/06/08/rollout-2026-06-08T16-08-55-019ea647-0e81-7d81-9b62-558364a36e3f.jsonl
2026-06-08T08:09:08.561Z	??	data/plugin_cache/mteam-plugin/covers/1185646.json	/home/kinax/.codex/sessions/2026/06/08/rollout-2026-06-08T16-08-55-019ea647-0e81-7d81-9b62-558364a36e3f.jsonl
2026-06-08T08:09:08.561Z	??	data/plugin_cache/mteam-plugin/covers/1185647.json	/home/kinax/.codex/sessions/2026/06/08/rollout-2026-06-08T16-08-55-019ea647-0e81-7d81-9b62-558364a36e3f.jsonl
2026-06-08T08:09:08.561Z	??	data/plugin_cache/mteam-plugin/covers/1185648.json	/home/kinax/.codex/sessions/2026/06/08/rollout-2026-06-08T16-08-55-019ea647-0e81-7d81-9b62-558364a36e3f.jsonl
2026-06-08T08:09:08.561Z	??	data/plugin_cache/mteam-plugin/covers/1185660.json	/home/kinax/.codex/sessions/2026/06/08/rollout-2026-06-08T16-08-55-019ea647-0e81-7d81-9b62-558364a36e3f.jsonl
2026-06-08T08:09:08.561Z	??	data/plugin_cache/mteam-plugin/covers/1185671.json	/home/kinax/.codex/sessions/2026/06/08/rollout-2026-06-08T16-08-55-019ea647-0e81-7d81-9b62-558364a36e3f.jsonl
2026-06-08T08:09:08.561Z	??	data/plugin_cache/mteam-plugin/covers/1185672.json	/home/kinax/.codex/sessions/2026/06/08/rollout-2026-06-08T16-08-55-019ea647-0e81-7d81-9b62-558364a36e3f.jsonl
2026-06-08T08:09:08.561Z	??	data/plugin_cache/mteam-plugin/covers/1185673.json	/home/kinax/.codex/sessions/2026/06/08/rollout-2026-06-08T16-08-55-019ea647-0e81-7d81-9b62-558364a36e3f.jsonl
2026-06-08T08:09:08.561Z	??	data/plugin_cache/mteam-plugin/covers/1185674.json	/home/kinax/.codex/sessions/2026/06/08/rollout-2026-06-08T16-08-55-019ea647-0e81-7d81-9b62-558364a36e3f.jsonl
2026-06-08T08:09:08.561Z	??	data/plugin_cache/mteam-plugin/covers/1185679.json	/home/kinax/.codex/sessions/2026/06/08/rollout-2026-06-08T16-08-55-019ea647-0e81-7d81-9b62-558364a36e3f.jsonl
2026-06-08T08:09:08.561Z	??	data/plugin_cache/mteam-plugin/covers/1185690.json	/home/kinax/.codex/sessions/2026/06/08/rollout-2026-06-08T16-08-55-019ea647-0e81-7d81-9b62-558364a36e3f.jsonl
2026-06-08T08:09:08.561Z	??	data/plugin_cache/mteam-plugin/covers/1185699.json	/home/kinax/.codex/sessions/2026/06/08/rollout-2026-06-08T16-08-55-019ea647-0e81-7d81-9b62-558364a36e3f.jsonl
2026-06-08T08:09:08.561Z	??	data/plugin_cache/mteam-plugin/covers/1185776.json	/home/kinax/.codex/sessions/2026/06/08/rollout-2026-06-08T16-08-55-019ea647-0e81-7d81-9b62-558364a36e3f.jsonl
2026-06-08T08:09:08.561Z	??	data/plugin_cache/mteam-plugin/covers/1185777.json	/home/kinax/.codex/sessions/2026/06/08/rollout-2026-06-08T16-08-55-019ea647-0e81-7d81-9b62-558364a36e3f.jsonl
2026-06-08T08:09:08.561Z	??	data/plugin_cache/mteam-plugin/covers/1185778.json	/home/kinax/.codex/sessions/2026/06/08/rollout-2026-06-08T16-08-55-019ea647-0e81-7d81-9b62-558364a36e3f.jsonl
2026-06-08T08:09:08.561Z	??	data/plugin_cache/mteam-plugin/covers/1185779.json	/home/kinax/.codex/sessions/2026/06/08/rollout-2026-06-08T16-08-55-019ea647-0e81-7d81-9b62-558364a36e3f.jsonl
2026-06-08T08:09:08.561Z	??	data/plugin_cache/mteam-plugin/covers/1185806.json	/home/kinax/.codex/sessions/2026/06/08/rollout-2026-06-08T16-08-55-019ea647-0e81-7d81-9b62-558364a36e3f.jsonl
2026-06-08T08:09:08.561Z	??	data/plugin_cache/mteam-plugin/covers/1185884.json	/home/kinax/.codex/sessions/2026/06/08/rollout-2026-06-08T16-08-55-019ea647-0e81-7d81-9b62-558364a36e3f.jsonl
2026-06-08T08:09:08.561Z	??	data/plugin_cache/mteam-plugin/covers/1185913.json	/home/kinax/.codex/sessions/2026/06/08/rollout-2026-06-08T16-08-55-019ea647-0e81-7d81-9b62-558364a36e3f.jsonl
2026-06-08T08:09:08.561Z	??	data/plugin_cache/mteam-plugin/covers/1185917.json	/home/kinax/.codex/sessions/2026/06/08/rollout-2026-06-08T16-08-55-019ea647-0e81-7d81-9b62-558364a36e3f.jsonl
2026-06-08T08:09:08.561Z	??	data/plugin_cache/mteam-plugin/covers/1185920.json	/home/kinax/.codex/sessions/2026/06/08/rollout-2026-06-08T16-08-55-019ea647-0e81-7d81-9b62-558364a36e3f.jsonl
2026-06-08T08:09:08.561Z	??	data/plugin_cache/mteam-plugin/covers/1185924.json	/home/kinax/.codex/sessions/2026/06/08/rollout-2026-06-08T16-08-55-019ea647-0e81-7d81-9b62-558364a36e3f.jsonl
2026-06-08T08:09:08.561Z	??	data/plugin_cache/mteam-plugin/covers/1186030.json	/home/kinax/.codex/sessions/2026/06/08/rollout-2026-06-08T16-08-55-019ea647-0e81-7d81-9b62-558364a36e3f.jsonl
2026-06-08T08:09:08.561Z	??	data/plugin_cache/mteam-plugin/covers/1186052.json	/home/kinax/.codex/sessions/2026/06/08/rollout-2026-06-08T16-08-55-019ea647-0e81-7d81-9b62-558364a36e3f.jsonl
2026-06-08T08:09:08.561Z	??	data/plugin_cache/mteam-plugin/covers/1186147.json	/home/kinax/.codex/sessions/2026/06/08/rollout-2026-06-08T16-08-55-019ea647-0e81-7d81-9b62-558364a36e3f.jsonl
2026-06-08T08:09:08.561Z	??	data/plugin_cache/mteam-plugin/covers/1186248.json	/home/kinax/.codex/sessions/2026/06/08/rollout-2026-06-08T16-08-55-019ea647-0e81-7d81-9b62-558364a36e3f.jsonl
2026-06-08T08:09:08.561Z	??	data/plugin_cache/mteam-plugin/covers/1186249.json	/home/kinax/.codex/sessions/2026/06/08/rollout-2026-06-08T16-08-55-019ea647-0e81-7d81-9b62-558364a36e3f.jsonl
2026-06-08T08:09:08.561Z	??	data/plugin_cache/mteam-plugin/covers/1186250.json	/home/kinax/.codex/sessions/2026/06/08/rollout-2026-06-08T16-08-55-019ea647-0e81-7d81-9b62-558364a36e3f.jsonl
2026-06-08T08:09:08.561Z	??	data/plugin_cache/mteam-plugin/covers/1186251.json	/home/kinax/.codex/sessions/2026/06/08/rollout-2026-06-08T16-08-55-019ea647-0e81-7d81-9b62-558364a36e3f.jsonl
2026-06-08T08:09:08.561Z	??	data/plugin_cache/mteam-plugin/covers/1186254.json	/home/kinax/.codex/sessions/2026/06/08/rollout-2026-06-08T16-08-55-019ea647-0e81-7d81-9b62-558364a36e3f.jsonl
2026-06-08T08:09:08.561Z	??	data/plugin_cache/mteam-plugin/covers/1186413.json	/home/kinax/.codex/sessions/2026/06/08/rollout-2026-06-08T16-08-55-019ea647-0e81-7d81-9b62-558364a36e3f.jsonl
2026-06-08T08:09:08.561Z	??	data/plugin_cache/mteam-plugin/covers/1186424.json	/home/kinax/.codex/sessions/2026/06/08/rollout-2026-06-08T16-08-55-019ea647-0e81-7d81-9b62-558364a36e3f.jsonl
2026-06-08T08:09:08.561Z	??	data/plugin_cache/mteam-plugin/covers/1186427.json	/home/kinax/.codex/sessions/2026/06/08/rollout-2026-06-08T16-08-55-019ea647-0e81-7d81-9b62-558364a36e3f.jsonl
2026-06-08T08:09:08.561Z	??	data/plugin_cache/mteam-plugin/covers/1186429.json	/home/kinax/.codex/sessions/2026/06/08/rollout-2026-06-08T16-08-55-019ea647-0e81-7d81-9b62-558364a36e3f.jsonl
2026-06-08T08:09:08.561Z	??	data/plugin_cache/mteam-plugin/covers/1186430.json	/home/kinax/.codex/sessions/2026/06/08/rollout-2026-06-08T16-08-55-019ea647-0e81-7d81-9b62-558364a36e3f.jsonl
2026-06-08T08:09:08.561Z	??	data/plugin_cache/mteam-plugin/covers/1186431.json	/home/kinax/.codex/sessions/2026/06/08/rollout-2026-06-08T16-08-55-019ea647-0e81-7d81-9b62-558364a36e3f.jsonl
2026-06-08T08:09:08.561Z	??	data/plugin_cache/mteam-plugin/covers/1186448.json	/home/kinax/.codex/sessions/2026/06/08/rollout-2026-06-08T16-08-55-019ea647-0e81-7d81-9b62-558364a36e3f.jsonl
2026-06-08T08:09:08.561Z	??	data/plugin_cache/mteam-plugin/covers/1186460.json	/home/kinax/.codex/sessions/2026/06/08/rollout-2026-06-08T16-08-55-019ea647-0e81-7d81-9b62-558364a36e3f.jsonl
2026-06-08T08:09:08.561Z	??	data/plugin_cache/mteam-plugin/covers/1186604.json	/home/kinax/.codex/sessions/2026/06/08/rollout-2026-06-08T16-08-55-019ea647-0e81-7d81-9b62-558364a36e3f.jsonl
2026-06-08T08:09:08.561Z	??	data/plugin_cache/mteam-plugin/covers/1186623.json	/home/kinax/.codex/sessions/2026/06/08/rollout-2026-06-08T16-08-55-019ea647-0e81-7d81-9b62-558364a36e3f.jsonl
2026-06-08T08:09:08.561Z	??	data/plugin_cache/mteam-plugin/covers/1186625.json	/home/kinax/.codex/sessions/2026/06/08/rollout-2026-06-08T16-08-55-019ea647-0e81-7d81-9b62-558364a36e3f.jsonl
2026-06-08T08:09:08.561Z	??	data/plugin_cache/mteam-plugin/covers/1186629.json	/home/kinax/.codex/sessions/2026/06/08/rollout-2026-06-08T16-08-55-019ea647-0e81-7d81-9b62-558364a36e3f.jsonl
2026-06-08T08:09:08.561Z	??	data/plugin_cache/mteam-plugin/covers/1186636.json	/home/kinax/.codex/sessions/2026/06/08/rollout-2026-06-08T16-08-55-019ea647-0e81-7d81-9b62-558364a36e3f.jsonl
2026-06-08T08:09:08.561Z	??	data/plugin_cache/mteam-plugin/covers/1186698.json	/home/kinax/.codex/sessions/2026/06/08/rollout-2026-06-08T16-08-55-019ea647-0e81-7d81-9b62-558364a36e3f.jsonl
2026-06-08T08:09:08.561Z	??	data/plugin_cache/mteam-plugin/covers/1186778.json	/home/kinax/.codex/sessions/2026/06/08/rollout-2026-06-08T16-08-55-019ea647-0e81-7d81-9b62-558364a36e3f.jsonl
2026-06-08T08:09:08.561Z	??	data/plugin_cache/mteam-plugin/covers/1186781.json	/home/kinax/.codex/sessions/2026/06/08/rollout-2026-06-08T16-08-55-019ea647-0e81-7d81-9b62-558364a36e3f.jsonl
2026-06-08T08:09:08.561Z	??	data/plugin_cache/mteam-plugin/covers/1186783.json	/home/kinax/.codex/sessions/2026/06/08/rollout-2026-06-08T16-08-55-019ea647-0e81-7d81-9b62-558364a36e3f.jsonl
2026-06-08T08:09:08.561Z	??	data/plugin_cache/mteam-plugin/covers/1186784.json	/home/kinax/.codex/sessions/2026/06/08/rollout-2026-06-08T16-08-55-019ea647-0e81-7d81-9b62-558364a36e3f.jsonl
2026-06-08T08:09:08.561Z	??	data/plugin_cache/mteam-plugin/covers/1186933.json	/home/kinax/.codex/sessions/2026/06/08/rollout-2026-06-08T16-08-55-019ea647-0e81-7d81-9b62-558364a36e3f.jsonl
2026-06-08T08:09:08.561Z	??	data/plugin_cache/mteam-plugin/covers/1186941.json	/home/kinax/.codex/sessions/2026/06/08/rollout-2026-06-08T16-08-55-019ea647-0e81-7d81-9b62-558364a36e3f.jsonl
2026-06-08T08:09:08.561Z	??	data/plugin_cache/mteam-plugin/covers/1186987.json	/home/kinax/.codex/sessions/2026/06/08/rollout-2026-06-08T16-08-55-019ea647-0e81-7d81-9b62-558364a36e3f.jsonl
2026-06-08T08:09:08.561Z	??	data/plugin_cache/mteam-plugin/covers/1187037.json	/home/kinax/.codex/sessions/2026/06/08/rollout-2026-06-08T16-08-55-019ea647-0e81-7d81-9b62-558364a36e3f.jsonl
2026-06-08T08:09:08.561Z	??	data/plugin_cache/mteam-plugin/covers/1187038.json	/home/kinax/.codex/sessions/2026/06/08/rollout-2026-06-08T16-08-55-019ea647-0e81-7d81-9b62-558364a36e3f.jsonl
2026-06-08T08:09:08.561Z	??	data/plugin_cache/mteam-plugin/covers/1187041.json	/home/kinax/.codex/sessions/2026/06/08/rollout-2026-06-08T16-08-55-019ea647-0e81-7d81-9b62-558364a36e3f.jsonl
2026-06-08T08:09:08.561Z	??	data/plugin_cache/mteam-plugin/covers/1187247.json	/home/kinax/.codex/sessions/2026/06/08/rollout-2026-06-08T16-08-55-019ea647-0e81-7d81-9b62-558364a36e3f.jsonl
2026-06-08T08:09:08.561Z	??	data/plugin_cache/mteam-plugin/covers/1187249.json	/home/kinax/.codex/sessions/2026/06/08/rollout-2026-06-08T16-08-55-019ea647-0e81-7d81-9b62-558364a36e3f.jsonl
2026-06-08T08:09:08.561Z	??	data/plugin_cache/mteam-plugin/covers/1187290.json	/home/kinax/.codex/sessions/2026/06/08/rollout-2026-06-08T16-08-55-019ea647-0e81-7d81-9b62-558364a36e3f.jsonl
2026-06-08T08:09:08.561Z	??	data/plugin_cache/mteam-plugin/covers/1187341.json	/home/kinax/.codex/sessions/2026/06/08/rollout-2026-06-08T16-08-55-019ea647-0e81-7d81-9b62-558364a36e3f.jsonl
2026-06-08T08:09:08.561Z	??	data/plugin_cache/mteam-plugin/covers/1187415.json	/home/kinax/.codex/sessions/2026/06/08/rollout-2026-06-08T16-08-55-019ea647-0e81-7d81-9b62-558364a36e3f.jsonl
2026-06-08T08:09:08.561Z	??	data/plugin_cache/mteam-plugin/covers/1187539.json	/home/kinax/.codex/sessions/2026/06/08/rollout-2026-06-08T16-08-55-019ea647-0e81-7d81-9b62-558364a36e3f.jsonl
2026-06-08T08:09:08.561Z	??	data/plugin_cache/mteam-plugin/covers/1187540.json	/home/kinax/.codex/sessions/2026/06/08/rollout-2026-06-08T16-08-55-019ea647-0e81-7d81-9b62-558364a36e3f.jsonl
2026-06-08T08:09:08.561Z	??	data/plugin_cache/mteam-plugin/covers/1187542.json	/home/kinax/.codex/sessions/2026/06/08/rollout-2026-06-08T16-08-55-019ea647-0e81-7d81-9b62-558364a36e3f.jsonl
2026-06-08T08:09:08.561Z	??	data/plugin_cache/mteam-plugin/covers/1187556.json	/home/kinax/.codex/sessions/2026/06/08/rollout-2026-06-08T16-08-55-019ea647-0e81-7d81-9b62-558364a36e3f.jsonl
2026-06-08T08:09:08.561Z	??	data/plugin_cache/mteam-plugin/covers/1187559.json	/home/kinax/.codex/sessions/2026/06/08/rollout-2026-06-08T16-08-55-019ea647-0e81-7d81-9b62-558364a36e3f.jsonl
2026-06-08T08:09:08.561Z	??	data/plugin_cache/mteam-plugin/covers/1187562.json	/home/kinax/.codex/sessions/2026/06/08/rollout-2026-06-08T16-08-55-019ea647-0e81-7d81-9b62-558364a36e3f.jsonl
2026-06-08T08:09:08.561Z	??	data/plugin_cache/mteam-plugin/covers/1187563.json	/home/kinax/.codex/sessions/2026/06/08/rollout-2026-06-08T16-08-55-019ea647-0e81-7d81-9b62-558364a36e3f.jsonl
2026-06-08T08:09:08.561Z	??	data/plugin_cache/mteam-plugin/covers/1187574.json	/home/kinax/.codex/sessions/2026/06/08/rollout-2026-06-08T16-08-55-019ea647-0e81-7d81-9b62-558364a36e3f.jsonl
2026-06-08T08:09:08.561Z	??	data/plugin_cache/mteam-plugin/covers/1187584.json	/home/kinax/.codex/sessions/2026/06/08/rollout-2026-06-08T16-08-55-019ea647-0e81-7d81-9b62-558364a36e3f.jsonl
2026-06-08T08:09:08.561Z	??	data/plugin_cache/mteam-plugin/covers/1187612.json	/home/kinax/.codex/sessions/2026/06/08/rollout-2026-06-08T16-08-55-019ea647-0e81-7d81-9b62-558364a36e3f.jsonl
2026-06-08T08:09:08.561Z	??	data/plugin_cache/mteam-plugin/covers/1187779.json	/home/kinax/.codex/sessions/2026/06/08/rollout-2026-06-08T16-08-55-019ea647-0e81-7d81-9b62-558364a36e3f.jsonl
2026-06-08T08:09:08.561Z	??	data/plugin_cache/mteam-plugin/covers/1187785.json	/home/kinax/.codex/sessions/2026/06/08/rollout-2026-06-08T16-08-55-019ea647-0e81-7d81-9b62-558364a36e3f.jsonl
2026-06-08T08:09:08.561Z	??	data/plugin_cache/mteam-plugin/covers/1187786.json	/home/kinax/.codex/sessions/2026/06/08/rollout-2026-06-08T16-08-55-019ea647-0e81-7d81-9b62-558364a36e3f.jsonl
2026-06-08T08:09:08.561Z	??	data/plugin_cache/mteam-plugin/covers/1187828.json	/home/kinax/.codex/sessions/2026/06/08/rollout-2026-06-08T16-08-55-019ea647-0e81-7d81-9b62-558364a36e3f.jsonl
2026-06-08T08:09:08.561Z	??	data/plugin_cache/mteam-plugin/covers/1187836.json	/home/kinax/.codex/sessions/2026/06/08/rollout-2026-06-08T16-08-55-019ea647-0e81-7d81-9b62-558364a36e3f.jsonl
2026-06-08T08:09:08.561Z	??	data/plugin_cache/mteam-plugin/covers/1187906.json	/home/kinax/.codex/sessions/2026/06/08/rollout-2026-06-08T16-08-55-019ea647-0e81-7d81-9b62-558364a36e3f.jsonl
2026-06-08T08:09:08.561Z	??	data/plugin_cache/mteam-plugin/covers/1187965.json	/home/kinax/.codex/sessions/2026/06/08/rollout-2026-06-08T16-08-55-019ea647-0e81-7d81-9b62-558364a36e3f.jsonl
2026-06-08T08:09:08.561Z	??	data/plugin_cache/mteam-plugin/covers/1187998.json	/home/kinax/.codex/sessions/2026/06/08/rollout-2026-06-08T16-08-55-019ea647-0e81-7d81-9b62-558364a36e3f.jsonl
2026-06-08T08:09:08.561Z	??	data/plugin_cache/mteam-plugin/covers/1188038.json	/home/kinax/.codex/sessions/2026/06/08/rollout-2026-06-08T16-08-55-019ea647-0e81-7d81-9b62-558364a36e3f.jsonl
2026-06-08T08:09:08.561Z	??	data/plugin_cache/mteam-plugin/covers/1188246.json	/home/kinax/.codex/sessions/2026/06/08/rollout-2026-06-08T16-08-55-019ea647-0e81-7d81-9b62-558364a36e3f.jsonl
2026-06-08T08:09:08.561Z	??	data/plugin_cache/mteam-plugin/covers/1188268.json	/home/kinax/.codex/sessions/2026/06/08/rollout-2026-06-08T16-08-55-019ea647-0e81-7d81-9b62-558364a36e3f.jsonl
2026-06-08T08:09:08.561Z	??	data/plugin_cache/mteam-plugin/covers/1188283.json	/home/kinax/.codex/sessions/2026/06/08/rollout-2026-06-08T16-08-55-019ea647-0e81-7d81-9b62-558364a36e3f.jsonl
2026-06-08T08:09:08.561Z	??	data/plugin_cache/mteam-plugin/covers/1188312.json	/home/kinax/.codex/sessions/2026/06/08/rollout-2026-06-08T16-08-55-019ea647-0e81-7d81-9b62-558364a36e3f.jsonl
2026-06-08T08:09:08.561Z	??	data/plugin_cache/mteam-plugin/covers/1188445.json	/home/kinax/.codex/sessions/2026/06/08/rollout-2026-06-08T16-08-55-019ea647-0e81-7d81-9b62-558364a36e3f.jsonl
2026-06-08T08:09:08.561Z	??	data/plugin_cache/mteam-plugin/covers/1188486.json	/home/kinax/.codex/sessions/2026/06/08/rollout-2026-06-08T16-08-55-019ea647-0e81-7d81-9b62-558364a36e3f.jsonl
2026-06-08T08:09:08.561Z	??	data/plugin_cache/mteam-plugin/covers/1188490.json	/home/kinax/.codex/sessions/2026/06/08/rollout-2026-06-08T16-08-55-019ea647-0e81-7d81-9b62-558364a36e3f.jsonl
2026-06-08T08:09:08.561Z	??	data/plugin_cache/mteam-plugin/covers/1188555.json	/home/kinax/.codex/sessions/2026/06/08/rollout-2026-06-08T16-08-55-019ea647-0e81-7d81-9b62-558364a36e3f.jsonl
2026-06-08T08:09:08.561Z	??	data/plugin_cache/mteam-plugin/covers/1188592.json	/home/kinax/.codex/sessions/2026/06/08/rollout-2026-06-08T16-08-55-019ea647-0e81-7d81-9b62-558364a36e3f.jsonl
2026-06-08T08:09:08.561Z	??	data/plugin_cache/mteam-plugin/covers/1188598.json	/home/kinax/.codex/sessions/2026/06/08/rollout-2026-06-08T16-08-55-019ea647-0e81-7d81-9b62-558364a36e3f.jsonl
2026-06-08T08:09:08.561Z	??	data/plugin_cache/mteam-plugin/covers/1188599.json	/home/kinax/.codex/sessions/2026/06/08/rollout-2026-06-08T16-08-55-019ea647-0e81-7d81-9b62-558364a36e3f.jsonl
2026-06-08T08:09:08.561Z	??	data/plugin_cache/mteam-plugin/covers/1188603.json	/home/kinax/.codex/sessions/2026/06/08/rollout-2026-06-08T16-08-55-019ea647-0e81-7d81-9b62-558364a36e3f.jsonl
2026-06-08T08:09:08.561Z	??	data/plugin_cache/mteam-plugin/covers/1188617.json	/home/kinax/.codex/sessions/2026/06/08/rollout-2026-06-08T16-08-55-019ea647-0e81-7d81-9b62-558364a36e3f.jsonl
2026-06-08T08:09:08.561Z	??	data/plugin_cache/mteam-plugin/covers/1188622.json	/home/kinax/.codex/sessions/2026/06/08/rollout-2026-06-08T16-08-55-019ea647-0e81-7d81-9b62-558364a36e3f.jsonl
2026-06-08T08:09:08.561Z	??	data/plugin_cache/mteam-plugin/covers/1188708.json	/home/kinax/.codex/sessions/2026/06/08/rollout-2026-06-08T16-08-55-019ea647-0e81-7d81-9b62-558364a36e3f.jsonl
2026-06-08T08:09:08.561Z	??	data/plugin_cache/mteam-plugin/covers/1188715.json	/home/kinax/.codex/sessions/2026/06/08/rollout-2026-06-08T16-08-55-019ea647-0e81-7d81-9b62-558364a36e3f.jsonl
2026-06-08T08:09:08.561Z	??	data/plugin_cache/mteam-plugin/covers/1188783.json	/home/kinax/.codex/sessions/2026/06/08/rollout-2026-06-08T16-08-55-019ea647-0e81-7d81-9b62-558364a36e3f.jsonl
2026-06-08T08:09:08.561Z	??	data/plugin_cache/mteam-plugin/covers/1188903.json	/home/kinax/.codex/sessions/2026/06/08/rollout-2026-06-08T16-08-55-019ea647-0e81-7d81-9b62-558364a36e3f.jsonl
2026-06-08T08:09:08.561Z	??	data/plugin_cache/mteam-plugin/covers/1189060.json	/home/kinax/.codex/sessions/2026/06/08/rollout-2026-06-08T16-08-55-019ea647-0e81-7d81-9b62-558364a36e3f.jsonl
2026-06-08T08:09:08.561Z	??	data/plugin_cache/mteam-plugin/covers/118941…20118 tokens truncated…5ecc580023f5cd6d29c0a76a4bc723ea55fe89902.jpg	/home/kinax/.codex/sessions/2026/06/08/rollout-2026-06-08T16-08-55-019ea647-0e81-7d81-9b62-558364a36e3f.jsonl
2026-06-08T08:09:08.561Z	??	data/plugin_cache/mteam-plugin/images/cdae0c40a472fd5f3b8a5d45ecc580023f5cd6d29c0a76a4bc723ea55fe89902.json	/home/kinax/.codex/sessions/2026/06/08/rollout-2026-06-08T16-08-55-019ea647-0e81-7d81-9b62-558364a36e3f.jsonl
2026-06-08T08:09:08.561Z	??	data/plugin_cache/mteam-plugin/images/ce2706e77b49715c201d163bc794d7557d7f67e41df70fcd3d62688011591057.jpg	/home/kinax/.codex/sessions/2026/06/08/rollout-2026-06-08T16-08-55-019ea647-0e81-7d81-9b62-558364a36e3f.jsonl
2026-06-08T08:09:08.561Z	??	data/plugin_cache/mteam-plugin/images/ce2706e77b49715c201d163bc794d7557d7f67e41df70fcd3d62688011591057.json	/home/kinax/.codex/sessions/2026/06/08/rollout-2026-06-08T16-08-55-019ea647-0e81-7d81-9b62-558364a36e3f.jsonl
2026-06-08T08:09:08.561Z	??	data/plugin_cache/mteam-plugin/images/ce5151968b1d04c9fd9b59ff52e775eb12c0d85251cc7690a28728413b13e6b1.jpg	/home/kinax/.codex/sessions/2026/06/08/rollout-2026-06-08T16-08-55-019ea647-0e81-7d81-9b62-558364a36e3f.jsonl
2026-06-08T08:09:08.561Z	??	data/plugin_cache/mteam-plugin/images/ce5151968b1d04c9fd9b59ff52e775eb12c0d85251cc7690a28728413b13e6b1.json	/home/kinax/.codex/sessions/2026/06/08/rollout-2026-06-08T16-08-55-019ea647-0e81-7d81-9b62-558364a36e3f.jsonl
2026-06-08T08:09:08.561Z	??	data/plugin_cache/mteam-plugin/images/cf366e8dca311b897dbbbee8306ae7d6b9ff86c65dc5f945dbfc822fa1e075cc.jpg	/home/kinax/.codex/sessions/2026/06/08/rollout-2026-06-08T16-08-55-019ea647-0e81-7d81-9b62-558364a36e3f.jsonl
2026-06-08T08:09:08.561Z	??	data/plugin_cache/mteam-plugin/images/cf366e8dca311b897dbbbee8306ae7d6b9ff86c65dc5f945dbfc822fa1e075cc.json	/home/kinax/.codex/sessions/2026/06/08/rollout-2026-06-08T16-08-55-019ea647-0e81-7d81-9b62-558364a36e3f.jsonl
2026-06-08T08:09:08.561Z	??	data/plugin_cache/mteam-plugin/images/cf38f739deb2dc72a261d577bae595df23e3a37eb7d58441d0e88d597cefffa2.jpg	/home/kinax/.codex/sessions/2026/06/08/rollout-2026-06-08T16-08-55-019ea647-0e81-7d81-9b62-558364a36e3f.jsonl
2026-06-08T08:09:08.561Z	??	data/plugin_cache/mteam-plugin/images/cf38f739deb2dc72a261d577bae595df23e3a37eb7d58441d0e88d597cefffa2.json	/home/kinax/.codex/sessions/2026/06/08/rollout-2026-06-08T16-08-55-019ea647-0e81-7d81-9b62-558364a36e3f.jsonl
2026-06-08T08:09:08.561Z	??	data/plugin_cache/mteam-plugin/images/cfa2d4c1ecbdcc62bfac250752642e15a0053b9e881dae51ad7fd2ee386f5d95.json	/home/kinax/.codex/sessions/2026/06/08/rollout-2026-06-08T16-08-55-019ea647-0e81-7d81-9b62-558364a36e3f.jsonl
2026-06-08T08:09:08.561Z	??	data/plugin_cache/mteam-plugin/images/cfa2d4c1ecbdcc62bfac250752642e15a0053b9e881dae51ad7fd2ee386f5d95.png	/home/kinax/.codex/sessions/2026/06/08/rollout-2026-06-08T16-08-55-019ea647-0e81-7d81-9b62-558364a36e3f.jsonl
2026-06-08T08:09:08.561Z	??	data/plugin_cache/mteam-plugin/images/cfb88ab3d24744fa643cfd301d25c40c93576efe67f0c1e60537b34b3ce86ce1.json	/home/kinax/.codex/sessions/2026/06/08/rollout-2026-06-08T16-08-55-019ea647-0e81-7d81-9b62-558364a36e3f.jsonl
2026-06-08T08:09:08.561Z	??	data/plugin_cache/mteam-plugin/images/cfb88ab3d24744fa643cfd301d25c40c93576efe67f0c1e60537b34b3ce86ce1.png	/home/kinax/.codex/sessions/2026/06/08/rollout-2026-06-08T16-08-55-019ea647-0e81-7d81-9b62-558364a36e3f.jsonl
2026-06-08T08:09:08.561Z	??	data/plugin_cache/mteam-plugin/images/d0739bb748b013e386a6ee1ca6a3a4bf61c3c5a0a893311faf7ed76fb22e100c.jpg	/home/kinax/.codex/sessions/2026/06/08/rollout-2026-06-08T16-08-55-019ea647-0e81-7d81-9b62-558364a36e3f.jsonl
2026-06-08T08:09:08.561Z	??	data/plugin_cache/mteam-plugin/images/d0739bb748b013e386a6ee1ca6a3a4bf61c3c5a0a893311faf7ed76fb22e100c.json	/home/kinax/.codex/sessions/2026/06/08/rollout-2026-06-08T16-08-55-019ea647-0e81-7d81-9b62-558364a36e3f.jsonl
2026-06-08T08:09:08.561Z	??	data/plugin_cache/mteam-plugin/images/d114d4a2dd5af1e73ecdca22d1e23700244ec1823c7b8119d92c5374b36484f1.json	/home/kinax/.codex/sessions/2026/06/08/rollout-2026-06-08T16-08-55-019ea647-0e81-7d81-9b62-558364a36e3f.jsonl
2026-06-08T08:09:08.561Z	??	data/plugin_cache/mteam-plugin/images/d114d4a2dd5af1e73ecdca22d1e23700244ec1823c7b8119d92c5374b36484f1.webp	/home/kinax/.codex/sessions/2026/06/08/rollout-2026-06-08T16-08-55-019ea647-0e81-7d81-9b62-558364a36e3f.jsonl
2026-06-08T08:09:08.561Z	??	data/plugin_cache/mteam-plugin/images/d203ea7e3b083905f4ecb07c001f2ad9f406250132c4f721e26f7e2c2fef0a65.jpg	/home/kinax/.codex/sessions/2026/06/08/rollout-2026-06-08T16-08-55-019ea647-0e81-7d81-9b62-558364a36e3f.jsonl
2026-06-08T08:09:08.561Z	??	data/plugin_cache/mteam-plugin/images/d203ea7e3b083905f4ecb07c001f2ad9f406250132c4f721e26f7e2c2fef0a65.json	/home/kinax/.codex/sessions/2026/06/08/rollout-2026-06-08T16-08-55-019ea647-0e81-7d81-9b62-558364a36e3f.jsonl
2026-06-08T08:09:08.561Z	??	data/plugin_cache/mteam-plugin/images/d266bbf68383d9adc217b0e30a7347058b1c8b7342443283a1e0d6d89e0711d3.json	/home/kinax/.codex/sessions/2026/06/08/rollout-2026-06-08T16-08-55-019ea647-0e81-7d81-9b62-558364a36e3f.jsonl
2026-06-08T08:09:08.561Z	??	data/plugin_cache/mteam-plugin/images/d266bbf68383d9adc217b0e30a7347058b1c8b7342443283a1e0d6d89e0711d3.png	/home/kinax/.codex/sessions/2026/06/08/rollout-2026-06-08T16-08-55-019ea647-0e81-7d81-9b62-558364a36e3f.jsonl
2026-06-08T08:09:08.561Z	??	data/plugin_cache/mteam-plugin/images/d281c2e147b73754cbe728d510bf282126de2641a90c0bc0a5ff74fd6064a0cc.jpg	/home/kinax/.codex/sessions/2026/06/08/rollout-2026-06-08T16-08-55-019ea647-0e81-7d81-9b62-558364a36e3f.jsonl
2026-06-08T08:09:08.561Z	??	data/plugin_cache/mteam-plugin/images/d281c2e147b73754cbe728d510bf282126de2641a90c0bc0a5ff74fd6064a0cc.json	/home/kinax/.codex/sessions/2026/06/08/rollout-2026-06-08T16-08-55-019ea647-0e81-7d81-9b62-558364a36e3f.jsonl
2026-06-08T08:09:08.561Z	??	data/plugin_cache/mteam-plugin/images/d283fdc12a0990089d7af330571c16dd271e6e49c301bbf75ef4490cc861028c.jpg	/home/kinax/.codex/sessions/2026/06/08/rollout-2026-06-08T16-08-55-019ea647-0e81-7d81-9b62-558364a36e3f.jsonl
2026-06-08T08:09:08.561Z	??	data/plugin_cache/mteam-plugin/images/d283fdc12a0990089d7af330571c16dd271e6e49c301bbf75ef4490cc861028c.json	/home/kinax/.codex/sessions/2026/06/08/rollout-2026-06-08T16-08-55-019ea647-0e81-7d81-9b62-558364a36e3f.jsonl
2026-06-08T08:09:08.561Z	??	data/plugin_cache/mteam-plugin/images/d2b3d6a3e94cc533d7a3c60d8e6c8c35b8adc317431dd8c45550ebdc89173fef.json	/home/kinax/.codex/sessions/2026/06/08/rollout-2026-06-08T16-08-55-019ea647-0e81-7d81-9b62-558364a36e3f.jsonl
2026-06-08T08:09:08.561Z	??	data/plugin_cache/mteam-plugin/images/d2b3d6a3e94cc533d7a3c60d8e6c8c35b8adc317431dd8c45550ebdc89173fef.png	/home/kinax/.codex/sessions/2026/06/08/rollout-2026-06-08T16-08-55-019ea647-0e81-7d81-9b62-558364a36e3f.jsonl
2026-06-08T08:09:08.561Z	??	data/plugin_cache/mteam-plugin/images/d3aa78a07f3d1e2d4b05220503c383d81795438c3b040c4fe3c0ebb2ddd54abd.jpg	/home/kinax/.codex/sessions/2026/06/08/rollout-2026-06-08T16-08-55-019ea647-0e81-7d81-9b62-558364a36e3f.jsonl
2026-06-08T08:09:08.561Z	??	data/plugin_cache/mteam-plugin/images/d3aa78a07f3d1e2d4b05220503c383d81795438c3b040c4fe3c0ebb2ddd54abd.json	/home/kinax/.codex/sessions/2026/06/08/rollout-2026-06-08T16-08-55-019ea647-0e81-7d81-9b62-558364a36e3f.jsonl
2026-06-08T08:09:08.561Z	??	data/plugin_cache/mteam-plugin/images/d4a16c78b786a6ea674515fa55f61f61122e6b69fb881d4afe20a045d0b0343d.jpg	/home/kinax/.codex/sessions/2026/06/08/rollout-2026-06-08T16-08-55-019ea647-0e81-7d81-9b62-558364a36e3f.jsonl
2026-06-08T08:09:08.561Z	??	data/plugin_cache/mteam-plugin/images/d4a16c78b786a6ea674515fa55f61f61122e6b69fb881d4afe20a045d0b0343d.json	/home/kinax/.codex/sessions/2026/06/08/rollout-2026-06-08T16-08-55-019ea647-0e81-7d81-9b62-558364a36e3f.jsonl
2026-06-08T08:09:08.561Z	??	data/plugin_cache/mteam-plugin/images/d53368141b7cfde2e0a027451577074ebc2e0a5ea8f3436d6c17bdb1cf207463.jpg	/home/kinax/.codex/sessions/2026/06/08/rollout-2026-06-08T16-08-55-019ea647-0e81-7d81-9b62-558364a36e3f.jsonl
2026-06-08T08:09:08.561Z	??	data/plugin_cache/mteam-plugin/images/d53368141b7cfde2e0a027451577074ebc2e0a5ea8f3436d6c17bdb1cf207463.json	/home/kinax/.codex/sessions/2026/06/08/rollout-2026-06-08T16-08-55-019ea647-0e81-7d81-9b62-558364a36e3f.jsonl
2026-06-08T08:09:08.561Z	??	data/plugin_cache/mteam-plugin/images/d538c097c9dcfd0f6195ea99d93018c0736dd0d73be0a3fcc0eb0e17d723a371.jpg	/home/kinax/.codex/sessions/2026/06/08/rollout-2026-06-08T16-08-55-019ea647-0e81-7d81-9b62-558364a36e3f.jsonl
2026-06-08T08:09:08.561Z	??	data/plugin_cache/mteam-plugin/images/d538c097c9dcfd0f6195ea99d93018c0736dd0d73be0a3fcc0eb0e17d723a371.json	/home/kinax/.codex/sessions/2026/06/08/rollout-2026-06-08T16-08-55-019ea647-0e81-7d81-9b62-558364a36e3f.jsonl
2026-06-08T08:09:08.561Z	??	data/plugin_cache/mteam-plugin/images/d56fb93886280ff9642f4490ef7df9fb55af763bb914ab957f7d286dbff3a01d.jpg	/home/kinax/.codex/sessions/2026/06/08/rollout-2026-06-08T16-08-55-019ea647-0e81-7d81-9b62-558364a36e3f.jsonl
2026-06-08T08:09:08.561Z	??	data/plugin_cache/mteam-plugin/images/d56fb93886280ff9642f4490ef7df9fb55af763bb914ab957f7d286dbff3a01d.json	/home/kinax/.codex/sessions/2026/06/08/rollout-2026-06-08T16-08-55-019ea647-0e81-7d81-9b62-558364a36e3f.jsonl
2026-06-08T08:09:08.561Z	??	data/plugin_cache/mteam-plugin/images/d65be9eae7d7ba03acf6a74f56085546466406dabdfb94f79ba21b0d26064fc3.jpg	/home/kinax/.codex/sessions/2026/06/08/rollout-2026-06-08T16-08-55-019ea647-0e81-7d81-9b62-558364a36e3f.jsonl
2026-06-08T08:09:08.561Z	??	data/plugin_cache/mteam-plugin/images/d65be9eae7d7ba03acf6a74f56085546466406dabdfb94f79ba21b0d26064fc3.json	/home/kinax/.codex/sessions/2026/06/08/rollout-2026-06-08T16-08-55-019ea647-0e81-7d81-9b62-558364a36e3f.jsonl
2026-06-08T08:09:08.561Z	??	data/plugin_cache/mteam-plugin/images/d6f12ee3527f0f4781b129d22adefdcd30fe975b28c91580e654345cb67ee486.jpg	/home/kinax/.codex/sessions/2026/06/08/rollout-2026-06-08T16-08-55-019ea647-0e81-7d81-9b62-558364a36e3f.jsonl
2026-06-08T08:09:08.561Z	??	data/plugin_cache/mteam-plugin/images/d6f12ee3527f0f4781b129d22adefdcd30fe975b28c91580e654345cb67ee486.json	/home/kinax/.codex/sessions/2026/06/08/rollout-2026-06-08T16-08-55-019ea647-0e81-7d81-9b62-558364a36e3f.jsonl
2026-06-08T08:09:08.561Z	??	data/plugin_cache/mteam-plugin/images/d7317c71bec9d8cfbd6bc33b91c3af57fe29b2a788709492b902b6ff2793ddc1.jpg	/home/kinax/.codex/sessions/2026/06/08/rollout-2026-06-08T16-08-55-019ea647-0e81-7d81-9b62-558364a36e3f.jsonl
2026-06-08T08:09:08.561Z	??	data/plugin_cache/mteam-plugin/images/d7317c71bec9d8cfbd6bc33b91c3af57fe29b2a788709492b902b6ff2793ddc1.json	/home/kinax/.codex/sessions/2026/06/08/rollout-2026-06-08T16-08-55-019ea647-0e81-7d81-9b62-558364a36e3f.jsonl
2026-06-08T08:09:08.561Z	??	data/plugin_cache/mteam-plugin/images/d7790c792b6437f65c9e2ffafd8877f86e3dafce3fef08fddf848290f0c638ee.jpg	/home/kinax/.codex/sessions/2026/06/08/rollout-2026-06-08T16-08-55-019ea647-0e81-7d81-9b62-558364a36e3f.jsonl
2026-06-08T08:09:08.561Z	??	data/plugin_cache/mteam-plugin/images/d7790c792b6437f65c9e2ffafd8877f86e3dafce3fef08fddf848290f0c638ee.json	/home/kinax/.codex/sessions/2026/06/08/rollout-2026-06-08T16-08-55-019ea647-0e81-7d81-9b62-558364a36e3f.jsonl
2026-06-08T08:09:08.561Z	??	data/plugin_cache/mteam-plugin/images/d7d3ad444ae658803944b20e108d42f7acd6c232a3bab72ee2efddbbe2004de5.jpg	/home/kinax/.codex/sessions/2026/06/08/rollout-2026-06-08T16-08-55-019ea647-0e81-7d81-9b62-558364a36e3f.jsonl
2026-06-08T08:09:08.561Z	??	data/plugin_cache/mteam-plugin/images/d7d3ad444ae658803944b20e108d42f7acd6c232a3bab72ee2efddbbe2004de5.json	/home/kinax/.codex/sessions/2026/06/08/rollout-2026-06-08T16-08-55-019ea647-0e81-7d81-9b62-558364a36e3f.jsonl
2026-06-08T08:09:08.561Z	??	data/plugin_cache/mteam-plugin/images/d843560cd7643b0e3ab7b79a7eff72eba9f69690f8b950540fc6be3c5e627073.jpg	/home/kinax/.codex/sessions/2026/06/08/rollout-2026-06-08T16-08-55-019ea647-0e81-7d81-9b62-558364a36e3f.jsonl
2026-06-08T08:09:08.561Z	??	data/plugin_cache/mteam-plugin/images/d843560cd7643b0e3ab7b79a7eff72eba9f69690f8b950540fc6be3c5e627073.json	/home/kinax/.codex/sessions/2026/06/08/rollout-2026-06-08T16-08-55-019ea647-0e81-7d81-9b62-558364a36e3f.jsonl
2026-06-08T08:09:08.561Z	??	data/plugin_cache/mteam-plugin/images/d886cfff9e45cd047762a6f7d3b6b202c4481e37a8126449c3a4a1c83c3d0626.json	/home/kinax/.codex/sessions/2026/06/08/rollout-2026-06-08T16-08-55-019ea647-0e81-7d81-9b62-558364a36e3f.jsonl
2026-06-08T08:09:08.561Z	??	data/plugin_cache/mteam-plugin/images/d886cfff9e45cd047762a6f7d3b6b202c4481e37a8126449c3a4a1c83c3d0626.png	/home/kinax/.codex/sessions/2026/06/08/rollout-2026-06-08T16-08-55-019ea647-0e81-7d81-9b62-558364a36e3f.jsonl
2026-06-08T08:09:08.561Z	??	data/plugin_cache/mteam-plugin/images/d9da50bfc4d006aa0e0038f2b4c3864d576a6ee617ea9acf20e555adf45f2fb5.jpg	/home/kinax/.codex/sessions/2026/06/08/rollout-2026-06-08T16-08-55-019ea647-0e81-7d81-9b62-558364a36e3f.jsonl
2026-06-08T08:09:08.561Z	??	data/plugin_cache/mteam-plugin/images/d9da50bfc4d006aa0e0038f2b4c3864d576a6ee617ea9acf20e555adf45f2fb5.json	/home/kinax/.codex/sessions/2026/06/08/rollout-2026-06-08T16-08-55-019ea647-0e81-7d81-9b62-558364a36e3f.jsonl
2026-06-08T08:09:08.561Z	??	data/plugin_cache/mteam-plugin/images/da05035b82ba45940ed023f322b44cbed62372e638c3276d977f42cc1700c1d8.json	/home/kinax/.codex/sessions/2026/06/08/rollout-2026-06-08T16-08-55-019ea647-0e81-7d81-9b62-558364a36e3f.jsonl
2026-06-08T08:09:08.561Z	??	data/plugin_cache/mteam-plugin/images/da279375e1113f954580414f5aededaa2e2e41b8c606c9251cde370f671d52dd.jpg	/home/kinax/.codex/sessions/2026/06/08/rollout-2026-06-08T16-08-55-019ea647-0e81-7d81-9b62-558364a36e3f.jsonl
2026-06-08T08:09:08.561Z	??	data/plugin_cache/mteam-plugin/images/da279375e1113f954580414f5aededaa2e2e41b8c606c9251cde370f671d52dd.json	/home/kinax/.codex/sessions/2026/06/08/rollout-2026-06-08T16-08-55-019ea647-0e81-7d81-9b62-558364a36e3f.jsonl
2026-06-08T08:09:08.561Z	??	data/plugin_cache/mteam-plugin/images/dc240d1dbbdb3d8aacecfc2b13980c3172596b14468a1acddb3c18058d1ab9d4.jpg	/home/kinax/.codex/sessions/2026/06/08/rollout-2026-06-08T16-08-55-019ea647-0e81-7d81-9b62-558364a36e3f.jsonl
2026-06-08T08:09:08.561Z	??	data/plugin_cache/mteam-plugin/images/dc240d1dbbdb3d8aacecfc2b13980c3172596b14468a1acddb3c18058d1ab9d4.json	/home/kinax/.codex/sessions/2026/06/08/rollout-2026-06-08T16-08-55-019ea647-0e81-7d81-9b62-558364a36e3f.jsonl
2026-06-08T08:09:08.561Z	??	data/plugin_cache/mteam-plugin/images/dd85c1b925cc782e2a91e0b96d9127c5637131eec8ecb0cd41278ed375f85f55.jpg	/home/kinax/.codex/sessions/2026/06/08/rollout-2026-06-08T16-08-55-019ea647-0e81-7d81-9b62-558364a36e3f.jsonl
2026-06-08T08:09:08.561Z	??	data/plugin_cache/mteam-plugin/images/dd85c1b925cc782e2a91e0b96d9127c5637131eec8ecb0cd41278ed375f85f55.json	/home/kinax/.codex/sessions/2026/06/08/rollout-2026-06-08T16-08-55-019ea647-0e81-7d81-9b62-558364a36e3f.jsonl
2026-06-08T08:09:08.561Z	??	data/plugin_cache/mteam-plugin/images/de11de8ea4930e66b40352bed31b61b287d166029ad1e08bc529b35367bd0b90.jpg	/home/kinax/.codex/sessions/2026/06/08/rollout-2026-06-08T16-08-55-019ea647-0e81-7d81-9b62-558364a36e3f.jsonl
2026-06-08T08:09:08.561Z	??	data/plugin_cache/mteam-plugin/images/de11de8ea4930e66b40352bed31b61b287d166029ad1e08bc529b35367bd0b90.json	/home/kinax/.codex/sessions/2026/06/08/rollout-2026-06-08T16-08-55-019ea647-0e81-7d81-9b62-558364a36e3f.jsonl
2026-06-08T08:09:08.561Z	??	data/plugin_cache/mteam-plugin/images/df2bdc5917f8b1b82c7222f73cb0c37ad716119eb5729acf98a8fdd1cdb06f28.jpg	/home/kinax/.codex/sessions/2026/06/08/rollout-2026-06-08T16-08-55-019ea647-0e81-7d81-9b62-558364a36e3f.jsonl
2026-06-08T08:09:08.561Z	??	data/plugin_cache/mteam-plugin/images/df2bdc5917f8b1b82c7222f73cb0c37ad716119eb5729acf98a8fdd1cdb06f28.json	/home/kinax/.codex/sessions/2026/06/08/rollout-2026-06-08T16-08-55-019ea647-0e81-7d81-9b62-558364a36e3f.jsonl
2026-06-08T08:09:08.561Z	??	data/plugin_cache/mteam-plugin/images/df6f9a45baf392fc28e0e12302a3591889090fc0c75ceeea80b5b5eed7f1d682.jpg	/home/kinax/.codex/sessions/2026/06/08/rollout-2026-06-08T16-08-55-019ea647-0e81-7d81-9b62-558364a36e3f.jsonl
2026-06-08T08:09:08.561Z	??	data/plugin_cache/mteam-plugin/images/df6f9a45baf392fc28e0e12302a3591889090fc0c75ceeea80b5b5eed7f1d682.json	/home/kinax/.codex/sessions/2026/06/08/rollout-2026-06-08T16-08-55-019ea647-0e81-7d81-9b62-558364a36e3f.jsonl
2026-06-08T08:09:08.561Z	??	data/plugin_cache/mteam-plugin/images/df9f4f3d02a382d61f987bb738fb6c3de5831c77dac26a0645b70f95a0f8fab6.jpg	/home/kinax/.codex/sessions/2026/06/08/rollout-2026-06-08T16-08-55-019ea647-0e81-7d81-9b62-558364a36e3f.jsonl
2026-06-08T08:09:08.561Z	??	data/plugin_cache/mteam-plugin/images/df9f4f3d02a382d61f987bb738fb6c3de5831c77dac26a0645b70f95a0f8fab6.json	/home/kinax/.codex/sessions/2026/06/08/rollout-2026-06-08T16-08-55-019ea647-0e81-7d81-9b62-558364a36e3f.jsonl
2026-06-08T08:09:08.561Z	??	data/plugin_cache/mteam-plugin/images/e0a308aae7dc33c3cd038cd2c68d85129cbd23cd72bfa79eb31df06d102fd6aa.jpg	/home/kinax/.codex/sessions/2026/06/08/rollout-2026-06-08T16-08-55-019ea647-0e81-7d81-9b62-558364a36e3f.jsonl
2026-06-08T08:09:08.561Z	??	data/plugin_cache/mteam-plugin/images/e0a308aae7dc33c3cd038cd2c68d85129cbd23cd72bfa79eb31df06d102fd6aa.json	/home/kinax/.codex/sessions/2026/06/08/rollout-2026-06-08T16-08-55-019ea647-0e81-7d81-9b62-558364a36e3f.jsonl
2026-06-08T08:09:08.561Z	??	data/plugin_cache/mteam-plugin/images/e0fed57d2c17a592695ce3a0154991828ab1b05a5d3560da01aeea2953ad4009.jpg	/home/kinax/.codex/sessions/2026/06/08/rollout-2026-06-08T16-08-55-019ea647-0e81-7d81-9b62-558364a36e3f.jsonl
2026-06-08T08:09:08.561Z	??	data/plugin_cache/mteam-plugin/images/e0fed57d2c17a592695ce3a0154991828ab1b05a5d3560da01aeea2953ad4009.json	/home/kinax/.codex/sessions/2026/06/08/rollout-2026-06-08T16-08-55-019ea647-0e81-7d81-9b62-558364a36e3f.jsonl
2026-06-08T08:09:08.561Z	??	data/plugin_cache/mteam-plugin/images/e1210f92f1e5162049c4c82a4ab9f24202cca05b69264ff990b6d12ab91060e2.jpg	/home/kinax/.codex/sessions/2026/06/08/rollout-2026-06-08T16-08-55-019ea647-0e81-7d81-9b62-558364a36e3f.jsonl
2026-06-08T08:09:08.561Z	??	data/plugin_cache/mteam-plugin/images/e1210f92f1e5162049c4c82a4ab9f24202cca05b69264ff990b6d12ab91060e2.json	/home/kinax/.codex/sessions/2026/06/08/rollout-2026-06-08T16-08-55-019ea647-0e81-7d81-9b62-558364a36e3f.jsonl
2026-06-08T08:09:08.561Z	??	data/plugin_cache/mteam-plugin/images/e14304426bf9eb7857b9155274216a81e36dbf55225b5ef2329ab57352c9eb6d.json	/home/kinax/.codex/sessions/2026/06/08/rollout-2026-06-08T16-08-55-019ea647-0e81-7d81-9b62-558364a36e3f.jsonl
2026-06-08T08:09:08.561Z	??	data/plugin_cache/mteam-plugin/images/e14304426bf9eb7857b9155274216a81e36dbf55225b5ef2329ab57352c9eb6d.png	/home/kinax/.codex/sessions/2026/06/08/rollout-2026-06-08T16-08-55-019ea647-0e81-7d81-9b62-558364a36e3f.jsonl
2026-06-08T08:09:08.561Z	??	data/plugin_cache/mteam-plugin/images/e1903be4fad741b51d91c96f0eae3db9764bae16ed104652f8b9a35a6446bbf9.jpg	/home/kinax/.codex/sessions/2026/06/08/rollout-2026-06-08T16-08-55-019ea647-0e81-7d81-9b62-558364a36e3f.jsonl
2026-06-08T08:09:08.561Z	??	data/plugin_cache/mteam-plugin/images/e1903be4fad741b51d91c96f0eae3db9764bae16ed104652f8b9a35a6446bbf9.json	/home/kinax/.codex/sessions/2026/06/08/rollout-2026-06-08T16-08-55-019ea647-0e81-7d81-9b62-558364a36e3f.jsonl
2026-06-08T08:09:08.561Z	??	data/plugin_cache/mteam-plugin/images/e1e4dcf0a2f9a06f85511e65544ea9dc49f615b5d599ff627929ef515354c37f.jpg	/home/kinax/.codex/sessions/2026/06/08/rollout-2026-06-08T16-08-55-019ea647-0e81-7d81-9b62-558364a36e3f.jsonl
2026-06-08T08:09:08.561Z	??	data/plugin_cache/mteam-plugin/images/e1e4dcf0a2f9a06f85511e65544ea9dc49f615b5d599ff627929ef515354c37f.json	/home/kinax/.codex/sessions/2026/06/08/rollout-2026-06-08T16-08-55-019ea647-0e81-7d81-9b62-558364a36e3f.jsonl
2026-06-08T08:09:08.561Z	??	data/plugin_cache/mteam-plugin/images/e26a32fd6de2be34a0d4389230c3710672f87b60f1b83f38b7087437d3d030a8.jpg	/home/kinax/.codex/sessions/2026/06/08/rollout-2026-06-08T16-08-55-019ea647-0e81-7d81-9b62-558364a36e3f.jsonl
2026-06-08T08:09:08.561Z	??	data/plugin_cache/mteam-plugin/images/e26a32fd6de2be34a0d4389230c3710672f87b60f1b83f38b7087437d3d030a8.json	/home/kinax/.codex/sessions/2026/06/08/rollout-2026-06-08T16-08-55-019ea647-0e81-7d81-9b62-558364a36e3f.jsonl
2026-06-08T08:09:08.561Z	??	data/plugin_cache/mteam-plugin/images/e46e5daabc4a6900d559dde6324b82a84dee1ea25c45e9ddd7aa610e3b8affc9.jpg	/home/kinax/.codex/sessions/2026/06/08/rollout-2026-06-08T16-08-55-019ea647-0e81-7d81-9b62-558364a36e3f.jsonl
2026-06-08T08:09:08.561Z	??	data/plugin_cache/mteam-plugin/images/e46e5daabc4a6900d559dde6324b82a84dee1ea25c45e9ddd7aa610e3b8affc9.json	/home/kinax/.codex/sessions/2026/06/08/rollout-2026-06-08T16-08-55-019ea647-0e81-7d81-9b62-558364a36e3f.jsonl
2026-06-08T08:09:08.561Z	??	data/plugin_cache/mteam-plugin/images/e493c958912849549e5ecf164938d97ae3e33cc99e90877a8bfbc14960610661.jpg	/home/kinax/.codex/sessions/2026/06/08/rollout-2026-06-08T16-08-55-019ea647-0e81-7d81-9b62-558364a36e3f.jsonl
2026-06-08T08:09:08.561Z	??	data/plugin_cache/mteam-plugin/images/e493c958912849549e5ecf164938d97ae3e33cc99e90877a8bfbc14960610661.json	/home/kinax/.codex/sessions/2026/06/08/rollout-2026-06-08T16-08-55-019ea647-0e81-7d81-9b62-558364a36e3f.jsonl
2026-06-08T08:09:08.561Z	??	data/plugin_cache/mteam-plugin/images/e503c0e296bcf02b09f2485126fd17257ebc0ba08dca0bd2e0e75135b6bbbe1b.jpg	/home/kinax/.codex/sessions/2026/06/08/rollout-2026-06-08T16-08-55-019ea647-0e81-7d81-9b62-558364a36e3f.jsonl
2026-06-08T08:09:08.561Z	??	data/plugin_cache/mteam-plugin/images/e503c0e296bcf02b09f2485126fd17257ebc0ba08dca0bd2e0e75135b6bbbe1b.json	/home/kinax/.codex/sessions/2026/06/08/rollout-2026-06-08T16-08-55-019ea647-0e81-7d81-9b62-558364a36e3f.jsonl
2026-06-08T08:09:08.561Z	??	data/plugin_cache/mteam-plugin/images/e5d95ca38183986e7a433ddd1be88f205a53299c61d6a4d6baf8b8a87fd2123a.jpg	/home/kinax/.codex/sessions/2026/06/08/rollout-2026-06-08T16-08-55-019ea647-0e81-7d81-9b62-558364a36e3f.jsonl
2026-06-08T08:09:08.561Z	??	data/plugin_cache/mteam-plugin/images/e5d95ca38183986e7a433ddd1be88f205a53299c61d6a4d6baf8b8a87fd2123a.json	/home/kinax/.codex/sessions/2026/06/08/rollout-2026-06-08T16-08-55-019ea647-0e81-7d81-9b62-558364a36e3f.jsonl
2026-06-08T08:09:08.561Z	??	data/plugin_cache/mteam-plugin/images/e619cc86c94328bb1462c09d08ea8260f020c25afdcc749506d51170ad10d37e.jpg	/home/kinax/.codex/sessions/2026/06/08/rollout-2026-06-08T16-08-55-019ea647-0e81-7d81-9b62-558364a36e3f.jsonl
2026-06-08T08:09:08.561Z	??	data/plugin_cache/mteam-plugin/images/e619cc86c94328bb1462c09d08ea8260f020c25afdcc749506d51170ad10d37e.json	/home/kinax/.codex/sessions/2026/06/08/rollout-2026-06-08T16-08-55-019ea647-0e81-7d81-9b62-558364a36e3f.jsonl
2026-06-08T08:09:08.561Z	??	data/plugin_cache/mteam-plugin/images/e63a1b0f5ac8bdb324422bd1fb6ce2daedc07129b65ad86a36aec83b3c85de2a.jpg	/home/kinax/.codex/sessions/2026/06/08/rollout-2026-06-08T16-08-55-019ea647-0e81-7d81-9b62-558364a36e3f.jsonl
2026-06-08T08:09:08.561Z	??	data/plugin_cache/mteam-plugin/images/e63a1b0f5ac8bdb324422bd1fb6ce2daedc07129b65ad86a36aec83b3c85de2a.json	/home/kinax/.codex/sessions/2026/06/08/rollout-2026-06-08T16-08-55-019ea647-0e81-7d81-9b62-558364a36e3f.jsonl
2026-06-08T08:09:08.561Z	??	data/plugin_cache/mteam-plugin/images/e68a97f1170da76afbf1fef652995993ccb154d6c649570713a79f18842e4a79.jpg	/home/kinax/.codex/sessions/2026/06/08/rollout-2026-06-08T16-08-55-019ea647-0e81-7d81-9b62-558364a36e3f.jsonl
2026-06-08T08:09:08.561Z	??	data/plugin_cache/mteam-plugin/images/e68a97f1170da76afbf1fef652995993ccb154d6c649570713a79f18842e4a79.json	/home/kinax/.codex/sessions/2026/06/08/rollout-2026-06-08T16-08-55-019ea647-0e81-7d81-9b62-558364a36e3f.jsonl
2026-06-08T08:09:08.561Z	??	data/plugin_cache/mteam-plugin/images/e68ccaa142f6f96b844bcb82dd832755b97c5aa992d367ff732182913a5d6c47.jpg	/home/kinax/.codex/sessions/2026/06/08/rollout-2026-06-08T16-08-55-019ea647-0e81-7d81-9b62-558364a36e3f.jsonl
2026-06-08T08:09:08.561Z	??	data/plugin_cache/mteam-plugin/images/e68ccaa142f6f96b844bcb82dd832755b97c5aa992d367ff732182913a5d6c47.json	/home/kinax/.codex/sessions/2026/06/08/rollout-2026-06-08T16-08-55-019ea647-0e81-7d81-9b62-558364a36e3f.jsonl
2026-06-08T08:09:08.561Z	??	data/plugin_cache/mteam-plugin/images/e71d374b72dff31388218feb470af27f2ebbd5fd42097ecaf31741ef23925447.jpg	/home/kinax/.codex/sessions/2026/06/08/rollout-2026-06-08T16-08-55-019ea647-0e81-7d81-9b62-558364a36e3f.jsonl
2026-06-08T08:09:08.561Z	??	data/plugin_cache/mteam-plugin/images/e71d374b72dff31388218feb470af27f2ebbd5fd42097ecaf31741ef23925447.json	/home/kinax/.codex/sessions/2026/06/08/rollout-2026-06-08T16-08-55-019ea647-0e81-7d81-9b62-558364a36e3f.jsonl
2026-06-08T08:09:08.561Z	??	data/plugin_cache/mteam-plugin/images/e813c835ef9009eb3b660732bfcdd012680ca8639edb43dae2b5474a0e0eb143.jpg	/home/kinax/.codex/sessions/2026/06/08/rollout-2026-06-08T16-08-55-019ea647-0e81-7d81-9b62-558364a36e3f.jsonl
2026-06-08T08:09:08.561Z	??	data/plugin_cache/mteam-plugin/images/e813c835ef9009eb3b660732bfcdd012680ca8639edb43dae2b5474a0e0eb143.json	/home/kinax/.codex/sessions/2026/06/08/rollout-2026-06-08T16-08-55-019ea647-0e81-7d81-9b62-558364a36e3f.jsonl
2026-06-08T08:09:08.561Z	??	data/plugin_cache/mteam-plugin/images/e828306fe7e117862f50b87d3eeebc1bc73f76d9a00cdbcc40181436bd1b07cf.jpg	/home/kinax/.codex/sessions/2026/06/08/rollout-2026-06-08T16-08-55-019ea647-0e81-7d81-9b62-558364a36e3f.jsonl
2026-06-08T08:09:08.561Z	??	data/plugin_cache/mteam-plugin/images/e828306fe7e117862f50b87d3eeebc1bc73f76d9a00cdbcc40181436bd1b07cf.json	/home/kinax/.codex/sessions/2026/06/08/rollout-2026-06-08T16-08-55-019ea647-0e81-7d81-9b62-558364a36e3f.jsonl
2026-06-08T08:09:08.561Z	??	data/plugin_cache/mteam-plugin/images/e913e552320b71b91ba65a7b26e7e0824063eb9e461781c71484dff44fa2604f.json	/home/kinax/.codex/sessions/2026/06/08/rollout-2026-06-08T16-08-55-019ea647-0e81-7d81-9b62-558364a36e3f.jsonl
2026-06-08T08:09:08.561Z	??	data/plugin_cache/mteam-plugin/images/e913e552320b71b91ba65a7b26e7e0824063eb9e461781c71484dff44fa2604f.webp	/home/kinax/.codex/sessions/2026/06/08/rollout-2026-06-08T16-08-55-019ea647-0e81-7d81-9b62-558364a36e3f.jsonl
2026-06-08T08:09:08.561Z	??	data/plugin_cache/mteam-plugin/images/e9820a840625affa3ab6607cd111a003d70b688df7acb3caedf4db7441674fee.jpg	/home/kinax/.codex/sessions/2026/06/08/rollout-2026-06-08T16-08-55-019ea647-0e81-7d81-9b62-558364a36e3f.jsonl
2026-06-08T08:09:08.561Z	??	data/plugin_cache/mteam-plugin/images/e9820a840625affa3ab6607cd111a003d70b688df7acb3caedf4db7441674fee.json	/home/kinax/.codex/sessions/2026/06/08/rollout-2026-06-08T16-08-55-019ea647-0e81-7d81-9b62-558364a36e3f.jsonl
2026-06-08T08:09:08.561Z	??	data/plugin_cache/mteam-plugin/images/ebae8384708b442891c761247fe6867f92e04971f74d61f4a49338fe27a0f70f.jpg	/home/kinax/.codex/sessions/2026/06/08/rollout-2026-06-08T16-08-55-019ea647-0e81-7d81-9b62-558364a36e3f.jsonl
2026-06-08T08:09:08.561Z	??	data/plugin_cache/mteam-plugin/images/ebae8384708b442891c761247fe6867f92e04971f74d61f4a49338fe27a0f70f.json	/home/kinax/.codex/sessions/2026/06/08/rollout-2026-06-08T16-08-55-019ea647-0e81-7d81-9b62-558364a36e3f.jsonl
2026-06-08T08:09:08.561Z	??	data/plugin_cache/mteam-plugin/images/ecb3811d4cc5ae61388d8d40fbd625799e8ad88462f222b7c63f56f8b1c4e5ea.jpg	/home/kinax/.codex/sessions/2026/06/08/rollout-2026-06-08T16-08-55-019ea647-0e81-7d81-9b62-558364a36e3f.jsonl
2026-06-08T08:09:08.561Z	??	data/plugin_cache/mteam-plugin/images/ecb3811d4cc5ae61388d8d40fbd625799e8ad88462f222b7c63f56f8b1c4e5ea.json	/home/kinax/.codex/sessions/2026/06/08/rollout-2026-06-08T16-08-55-019ea647-0e81-7d81-9b62-558364a36e3f.jsonl
2026-06-08T08:09:08.561Z	??	data/plugin_cache/mteam-plugin/images/ece8254f21bf0c917062d02c56b614aa0e24b2410b264ae079da8db6eb984988.jpg	/home/kinax/.codex/sessions/2026/06/08/rollout-2026-06-08T16-08-55-019ea647-0e81-7d81-9b62-558364a36e3f.jsonl
2026-06-08T08:09:08.561Z	??	data/plugin_cache/mteam-plugin/images/ece8254f21bf0c917062d02c56b614aa0e24b2410b264ae079da8db6eb984988.json	/home/kinax/.codex/sessions/2026/06/08/rollout-2026-06-08T16-08-55-019ea647-0e81-7d81-9b62-558364a36e3f.jsonl
2026-06-08T08:09:08.561Z	??	data/plugin_cache/mteam-plugin/images/ed41f1a3223943ebb40bcab8938ae66630c4c1b124a1dd264a5ec3090558950d.jpg	/home/kinax/.codex/sessions/2026/06/08/rollout-2026-06-08T16-08-55-019ea647-0e81-7d81-9b62-558364a36e3f.jsonl
2026-06-08T08:09:08.561Z	??	data/plugin_cache/mteam-plugin/images/ed41f1a3223943ebb40bcab8938ae66630c4c1b124a1dd264a5ec3090558950d.json	/home/kinax/.codex/sessions/2026/06/08/rollout-2026-06-08T16-08-55-019ea647-0e81-7d81-9b62-558364a36e3f.jsonl
2026-06-08T08:09:08.561Z	??	data/plugin_cache/mteam-plugin/images/ed59ab156e42b6d45d7f48f13cf350254e57561287f724058da45d578b91f2fe.jpg	/home/kinax/.codex/sessions/2026/06/08/rollout-2026-06-08T16-08-55-019ea647-0e81-7d81-9b62-558364a36e3f.jsonl
2026-06-08T08:09:08.561Z	??	data/plugin_cache/mteam-plugin/images/ed59ab156e42b6d45d7f48f13cf350254e57561287f724058da45d578b91f2fe.json	/home/kinax/.codex/sessions/2026/06/08/rollout-2026-06-08T16-08-55-019ea647-0e81-7d81-9b62-558364a36e3f.jsonl
2026-06-08T08:09:08.561Z	??	data/plugin_cache/mteam-plugin/images/ed76591ede5a3a1b56d72e2a5d8363f57494a1068dd77b96f8e7935513d00951.jpg	/home/kinax/.codex/sessions/2026/06/08/rollout-2026-06-08T16-08-55-019ea647-0e81-7d81-9b62-558364a36e3f.jsonl
2026-06-08T08:09:08.561Z	??	data/plugin_cache/mteam-plugin/images/ed76591ede5a3a1b56d72e2a5d8363f57494a1068dd77b96f8e7935513d00951.json	/home/kinax/.codex/sessions/2026/06/08/rollout-2026-06-08T16-08-55-019ea647-0e81-7d81-9b62-558364a36e3f.jsonl
2026-06-08T08:09:08.561Z	??	data/plugin_cache/mteam-plugin/images/ee2a3396a9848ceabb17a700ec877e901a81025ebf1f897c73b8ae699a4351d0.jpg	/home/kinax/.codex/sessions/2026/06/08/rollout-2026-06-08T16-08-55-019ea647-0e81-7d81-9b62-558364a36e3f.jsonl
2026-06-08T08:09:08.561Z	??	data/plugin_cache/mteam-plugin/images/ee2a3396a9848ceabb17a700ec877e901a81025ebf1f897c73b8ae699a4351d0.json	/home/kinax/.codex/sessions/2026/06/08/rollout-2026-06-08T16-08-55-019ea647-0e81-7d81-9b62-558364a36e3f.jsonl
2026-06-08T08:09:08.561Z	??	data/plugin_cache/mteam-plugin/images/eeb21d7af8982b87e4cda2ed2f79a34ea0f301126371f92476a8d387d39d0d66.jpg	/home/kinax/.codex/sessions/2026/06/08/rollout-2026-06-08T16-08-55-019ea647-0e81-7d81-9b62-558364a36e3f.jsonl
2026-06-08T08:09:08.561Z	??	data/plugin_cache/mteam-plugin/images/eeb21d7af8982b87e4cda2ed2f79a34ea0f301126371f92476a8d387d39d0d66.json	/home/kinax/.codex/sessions/2026/06/08/rollout-2026-06-08T16-08-55-019ea647-0e81-7d81-9b62-558364a36e3f.jsonl
2026-06-08T08:09:08.561Z	??	data/plugin_cache/mteam-plugin/images/ef36dc9ee8738dd7447b3154defd9e2bc74ed9d19afea0cc542f395edf365ba8.jpg	/home/kinax/.codex/sessions/2026/06/08/rollout-2026-06-08T16-08-55-019ea647-0e81-7d81-9b62-558364a36e3f.jsonl
2026-06-08T08:09:08.561Z	??	data/plugin_cache/mteam-plugin/images/ef36dc9ee8738dd7447b3154defd9e2bc74ed9d19afea0cc542f395edf365ba8.json	/home/kinax/.codex/sessions/2026/06/08/rollout-2026-06-08T16-08-55-019ea647-0e81-7d81-9b62-558364a36e3f.jsonl
2026-06-08T08:09:08.561Z	??	data/plugin_cache/mteam-plugin/images/efaec5786f075fb76f8098ddcf0e9955d3181b676e401952ab4643a67d75b6ad.jpg	/home/kinax/.codex/sessions/2026/06/08/rollout-2026-06-08T16-08-55-019ea647-0e81-7d81-9b62-558364a36e3f.jsonl
2026-06-08T08:09:08.561Z	??	data/plugin_cache/mteam-plugin/images/efaec5786f075fb76f8098ddcf0e9955d3181b676e401952ab4643a67d75b6ad.json	/home/kinax/.codex/sessions/2026/06/08/rollout-2026-06-08T16-08-55-019ea647-0e81-7d81-9b62-558364a36e3f.jsonl
2026-06-08T08:09:08.561Z	??	data/plugin_cache/mteam-plugin/images/f02267f726090c2436ffdbd4a709926648a44110598458cba91fcb320072b757.jpg	/home/kinax/.codex/sessions/2026/06/08/rollout-2026-06-08T16-08-55-019ea647-0e81-7d81-9b62-558364a36e3f.jsonl
2026-06-08T08:09:08.561Z	??	data/plugin_cache/mteam-plugin/images/f02267f726090c2436ffdbd4a709926648a44110598458cba91fcb320072b757.json	/home/kinax/.codex/sessions/2026/06/08/rollout-2026-06-08T16-08-55-019ea647-0e81-7d81-9b62-558364a36e3f.jsonl
2026-06-08T08:09:08.561Z	??	data/plugin_cache/mteam-plugin/images/f03d42a00e45354388b4497e0ab77d61c946db1bdb189adb6ae8d6c3eabe506b.jpg	/home/kinax/.codex/sessions/2026/06/08/rollout-2026-06-08T16-08-55-019ea647-0e81-7d81-9b62-558364a36e3f.jsonl
2026-06-08T08:09:08.561Z	??	data/plugin_cache/mteam-plugin/images/f03d42a00e45354388b4497e0ab77d61c946db1bdb189adb6ae8d6c3eabe506b.json	/home/kinax/.codex/sessions/2026/06/08/rollout-2026-06-08T16-08-55-019ea647-0e81-7d81-9b62-558364a36e3f.jsonl
2026-06-08T08:09:08.561Z	??	data/plugin_cache/mteam-plugin/images/f047f288b0e5bae4adc3eef438e88f6bfa042fb8319e18e756d1aa497dd9c444.jpg	/home/kinax/.codex/sessions/2026/06/08/rollout-2026-06-08T16-08-55-019ea647-0e81-7d81-9b62-558364a36e3f.jsonl
2026-06-08T08:09:08.561Z	??	data/plugin_cache/mteam-plugin/images/f047f288b0e5bae4adc3eef438e88f6bfa042fb8319e18e756d1aa497dd9c444.json	/home/kinax/.codex/sessions/2026/06/08/rollout-2026-06-08T16-08-55-019ea647-0e81-7d81-9b62-558364a36e3f.jsonl
2026-06-08T08:09:08.561Z	??	data/plugin_cache/mteam-plugin/images/f0eedb9138ab181302cd1c103c98c5b6d0bb742ae465c36be3b44024c78078b0.jpg	/home/kinax/.codex/sessions/2026/06/08/rollout-2026-06-08T16-08-55-019ea647-0e81-7d81-9b62-558364a36e3f.jsonl
2026-06-08T08:09:08.561Z	??	data/plugin_cache/mteam-plugin/images/f0eedb9138ab181302cd1c103c98c5b6d0bb742ae465c36be3b44024c78078b0.json	/home/kinax/.codex/sessions/2026/06/08/rollout-2026-06-08T16-08-55-019ea647-0e81-7d81-9b62-558364a36e3f.jsonl
2026-06-08T08:09:08.561Z	??	data/plugin_cache/mteam-plugin/images/f25753c27244f53256d2fd48481ca3e787367ee1fff57d32c3c0a5648c777c29.jpg	/home/kinax/.codex/sessions/2026/06/08/rollout-2026-06-08T16-08-55-019ea647-0e81-7d81-9b62-558364a36e3f.jsonl
2026-06-08T08:09:08.561Z	??	data/plugin_cache/mteam-plugin/images/f25753c27244f53256d2fd48481ca3e787367ee1fff57d32c3c0a5648c777c29.json	/home/kinax/.codex/sessions/2026/06/08/rollout-2026-06-08T16-08-55-019ea647-0e81-7d81-9b62-558364a36e3f.jsonl
2026-06-08T08:09:08.561Z	??	data/plugin_cache/mteam-plugin/images/f2645c5173623ad334cb1f2bbfb2d537f9b816cc7f2c5a727bacbe353aed68a4.jpg	/home/kinax/.codex/sessions/2026/06/08/rollout-2026-06-08T16-08-55-019ea647-0e81-7d81-9b62-558364a36e3f.jsonl
2026-06-08T08:09:08.561Z	??	data/plugin_cache/mteam-plugin/images/f2645c5173623ad334cb1f2bbfb2d537f9b816cc7f2c5a727bacbe353aed68a4.json	/home/kinax/.codex/sessions/2026/06/08/rollout-2026-06-08T16-08-55-019ea647-0e81-7d81-9b62-558364a36e3f.jsonl
2026-06-08T08:09:08.561Z	??	data/plugin_cache/mteam-plugin/images/f280e3bab5687b849a7802dbcf88a88f41534c8d80cabc5f6f5d9792dd821b1c.jpg	/home/kinax/.codex/sessions/2026/06/08/rollout-2026-06-08T16-08-55-019ea647-0e81-7d81-9b62-558364a36e3f.jsonl
2026-06-08T08:09:08.561Z	??	data/plugin_cache/mteam-plugin/images/f280e3bab5687b849a7802dbcf88a88f41534c8d80cabc5f6f5d9792dd821b1c.json	/home/kinax/.codex/sessions/2026/06/08/rollout-2026-06-08T16-08-55-019ea647-0e81-7d81-9b62-558364a36e3f.jsonl
2026-06-08T08:09:08.561Z	??	data/plugin_cache/mteam-plugin/images/f2fac223452a7506d89ef1339bf94a811c3ea825174e9f592addffa7f19250ec.jpg	/home/kinax/.codex/sessions/2026/06/08/rollout-2026-06-08T16-08-55-019ea647-0e81-7d81-9b62-558364a36e3f.jsonl
2026-06-08T08:09:08.561Z	??	data/plugin_cache/mteam-plugin/images/f2fac223452a7506d89ef1339bf94a811c3ea825174e9f592addffa7f19250ec.json	/home/kinax/.codex/sessions/2026/06/08/rollout-2026-06-08T16-08-55-019ea647-0e81-7d81-9b62-558364a36e3f.jsonl
2026-06-08T08:09:08.561Z	??	data/plugin_cache/mteam-plugin/images/f371fa14af22520654dd24ff019bfa727918a602266822b1207907d7290dfd31.jpg	/home/kinax/.codex/sessions/2026/06/08/rollout-2026-06-08T16-08-55-019ea647-0e81-7d81-9b62-558364a36e3f.jsonl
2026-06-08T08:09:08.561Z	??	data/plugin_cache/mteam-plugin/images/f371fa14af22520654dd24ff019bfa727918a602266822b1207907d7290dfd31.json	/home/kinax/.codex/sessions/2026/06/08/rollout-2026-06-08T16-08-55-019ea647-0e81-7d81-9b62-558364a36e3f.jsonl
2026-06-08T08:09:08.561Z	??	data/plugin_cache/mteam-plugin/images/f53799cb1824732e779c08101946c599e5cef323561bfa24507db1620f8e2cf2.jpg	/home/kinax/.codex/sessions/2026/06/08/rollout-2026-06-08T16-08-55-019ea647-0e81-7d81-9b62-558364a36e3f.jsonl
2026-06-08T08:09:08.561Z	??	data/plugin_cache/mteam-plugin/images/f53799cb1824732e779c08101946c599e5cef323561bfa24507db1620f8e2cf2.json	/home/kinax/.codex/sessions/2026/06/08/rollout-2026-06-08T16-08-55-019ea647-0e81-7d81-9b62-558364a36e3f.jsonl
2026-06-08T08:09:08.561Z	??	data/plugin_cache/mteam-plugin/images/f62bb061c75d59eb138562ec219bfba609ff7fba140bb449dab995ce9262269c.jpg	/home/kinax/.codex/sessions/2026/06/08/rollout-2026-06-08T16-08-55-019ea647-0e81-7d81-9b62-558364a36e3f.jsonl
2026-06-08T08:09:08.561Z	??	data/plugin_cache/mteam-plugin/images/f62bb061c75d59eb138562ec219bfba609ff7fba140bb449dab995ce9262269c.json	/home/kinax/.codex/sessions/2026/06/08/rollout-2026-06-08T16-08-55-019ea647-0e81-7d81-9b62-558364a36e3f.jsonl
2026-06-08T08:09:08.561Z	??	data/plugin_cache/mteam-plugin/images/f63c753b429fac57e92434882125211df39655bc65eb6bd35a74a7648dfbf45c.jpg	/home/kinax/.codex/sessions/2026/06/08/rollout-2026-06-08T16-08-55-019ea647-0e81-7d81-9b62-558364a36e3f.jsonl
2026-06-08T08:09:08.561Z	??	data/plugin_cache/mteam-plugin/images/f63c753b429fac57e92434882125211df39655bc65eb6bd35a74a7648dfbf45c.json	/home/kinax/.codex/sessions/2026/06/08/rollout-2026-06-08T16-08-55-019ea647-0e81-7d81-9b62-558364a36e3f.jsonl
2026-06-08T08:09:08.561Z	??	data/plugin_cache/mteam-plugin/images/f6642a23a2c1eacb4d4f67bb36dc6f27952933608b97240145f9d3767a292024.jpg	/home/kinax/.codex/sessions/2026/06/08/rollout-2026-06-08T16-08-55-019ea647-0e81-7d81-9b62-558364a36e3f.jsonl
2026-06-08T08:09:08.561Z	??	data/plugin_cache/mteam-plugin/images/f6642a23a2c1eacb4d4f67bb36dc6f27952933608b97240145f9d3767a292024.json	/home/kinax/.codex/sessions/2026/06/08/rollout-2026-06-08T16-08-55-019ea647-0e81-7d81-9b62-558364a36e3f.jsonl
2026-06-08T08:09:08.561Z	??	data/plugin_cache/mteam-plugin/images/f688b89f3869f398bbc5dee886cdb8622e615c93493d953d313b966bc67277cf.jpg	/home/kinax/.codex/sessions/2026/06/08/rollout-2026-06-08T16-08-55-019ea647-0e81-7d81-9b62-558364a36e3f.jsonl
2026-06-08T08:09:08.561Z	??	data/plugin_cache/mteam-plugin/images/f688b89f3869f398bbc5dee886cdb8622e615c93493d953d313b966bc67277cf.json	/home/kinax/.codex/sessions/2026/06/08/rollout-2026-06-08T16-08-55-019ea647-0e81-7d81-9b62-558364a36e3f.jsonl
2026-06-08T08:09:08.561Z	??	data/plugin_cache/mteam-plugin/images/f9ff508825acd75fdd7f9ecd700a7b61dfbc6ab27e6473e4d4222448de297375.jpg	/home/kinax/.codex/sessions/2026/06/08/rollout-2026-06-08T16-08-55-019ea647-0e81-7d81-9b62-558364a36e3f.jsonl
2026-06-08T08:09:08.561Z	??	data/plugin_cache/mteam-plugin/images/f9ff508825acd75fdd7f9ecd700a7b61dfbc6ab27e6473e4d4222448de297375.json	/home/kinax/.codex/sessions/2026/06/08/rollout-2026-06-08T16-08-55-019ea647-0e81-7d81-9b62-558364a36e3f.jsonl
2026-06-08T08:09:08.561Z	??	data/plugin_cache/mteam-plugin/images/fa4eb0f07b8700e461e02a75c98352e43826b920f662a66461d95f04b72870ed.jpg	/home/kinax/.codex/sessions/2026/06/08/rollout-2026-06-08T16-08-55-019ea647-0e81-7d81-9b62-558364a36e3f.jsonl
2026-06-08T08:09:08.561Z	??	data/plugin_cache/mteam-plugin/images/fa4eb0f07b8700e461e02a75c98352e43826b920f662a66461d95f04b72870ed.json	/home/kinax/.codex/sessions/2026/06/08/rollout-2026-06-08T16-08-55-019ea647-0e81-7d81-9b62-558364a36e3f.jsonl
2026-06-08T08:09:08.561Z	??	data/plugin_cache/mteam-plugin/images/fa50d8806737658017486bb6cca88b8fb953f8d4e9dd2f0b66cd53b612efd77f.jpg	/home/kinax/.codex/sessions/2026/06/08/rollout-2026-06-08T16-08-55-019ea647-0e81-7d81-9b62-558364a36e3f.jsonl
2026-06-08T08:09:08.561Z	??	data/plugin_cache/mteam-plugin/images/fa50d8806737658017486bb6cca88b8fb953f8d4e9dd2f0b66cd53b612efd77f.json	/home/kinax/.codex/sessions/2026/06/08/rollout-2026-06-08T16-08-55-019ea647-0e81-7d81-9b62-558364a36e3f.jsonl
2026-06-08T08:09:08.561Z	??	data/plugin_cache/mteam-plugin/images/fd3fff8fa8690272977c2edc877e6471ed046e826d92217a1e10ca02cddb5cdc.jpg	/home/kinax/.codex/sessions/2026/06/08/rollout-2026-06-08T16-08-55-019ea647-0e81-7d81-9b62-558364a36e3f.jsonl
2026-06-08T08:09:08.561Z	??	data/plugin_cache/mteam-plugin/images/fd3fff8fa8690272977c2edc877e6471ed046e826d92217a1e10ca02cddb5cdc.json	/home/kinax/.codex/sessions/2026/06/08/rollout-2026-06-08T16-08-55-019ea647-0e81-7d81-9b62-558364a36e3f.jsonl
2026-06-08T08:09:08.561Z	??	data/plugin_cache/mteam-plugin/images/fd53d5b296a8731b7bf83eacb4d671f6eafbf16f3a92dd6ceea7c092adf918b2.jpg	/home/kinax/.codex/sessions/2026/06/08/rollout-2026-06-08T16-08-55-019ea647-0e81-7d81-9b62-558364a36e3f.jsonl
2026-06-08T08:09:08.561Z	??	data/plugin_cache/mteam-plugin/images/fd53d5b296a8731b7bf83eacb4d671f6eafbf16f3a92dd6ceea7c092adf918b2.json	/home/kinax/.codex/sessions/2026/06/08/rollout-2026-06-08T16-08-55-019ea647-0e81-7d81-9b62-558364a36e3f.jsonl
2026-06-08T08:09:08.561Z	??	data/plugin_cache/mteam-plugin/images/fe0f46e96b3f6b6e418b52b948ed31f9ae155be568ac367f59b6c95d199a083b.jpg	/home/kinax/.codex/sessions/2026/06/08/rollout-2026-06-08T16-08-55-019ea647-0e81-7d81-9b62-558364a36e3f.jsonl
2026-06-08T08:09:08.561Z	??	data/plugin_cache/mteam-plugin/images/fe0f46e96b3f6b6e418b52b948ed31f9ae155be568ac367f59b6c95d199a083b.json	/home/kinax/.codex/sessions/2026/06/08/rollout-2026-06-08T16-08-55-019ea647-0e81-7d81-9b62-558364a36e3f.jsonl
2026-06-08T08:09:08.561Z	??	data/plugin_cache/mteam-plugin/images/fedbf5e126cd90d88cef1a17281fa08ebad8d1eabb97db40b53d5718e4ea2bcb.jpg	/home/kinax/.codex/sessions/2026/06/08/rollout-2026-06-08T16-08-55-019ea647-0e81-7d81-9b62-558364a36e3f.jsonl
2026-06-08T08:09:08.561Z	??	data/plugin_cache/mteam-plugin/images/fedbf5e126cd90d88cef1a17281fa08ebad8d1eabb97db40b53d5718e4ea2bcb.json	/home/kinax/.codex/sessions/2026/06/08/rollout-2026-06-08T16-08-55-019ea647-0e81-7d81-9b62-558364a36e3f.jsonl
2026-06-08T08:09:08.561Z	??	data/plugin_cache/mteam-plugin/images/ffda890cca253179d12abb7308e6419375f2226211cd7ae031f459ca04c4ecc8.jpg	/home/kinax/.codex/sessions/2026/06/08/rollout-2026-06-08T16-08-55-019ea647-0e81-7d81-9b62-558364a36e3f.jsonl
2026-06-08T08:09:08.561Z	??	data/plugin_cache/mteam-plugin/images/ffda890cca253179d12abb7308e6419375f2226211cd7ae031f459ca04c4ecc8.json	/home/kinax/.codex/sessions/2026/06/08/rollout-2026-06-08T16-08-55-019ea647-0e81-7d81-9b62-558364a36e3f.jsonl
2026-06-08T08:09:08.561Z	??	data/subscription_core/	/home/kinax/.codex/sessions/2026/06/08/rollout-2026-06-08T16-08-55-019ea647-0e81-7d81-9b62-558364a36e3f.jsonl
2026-06-08T08:09:08.561Z	??	frontend/src/components/noor/GlobalSearch.vue	/home/kinax/.codex/sessions/2026/06/08/rollout-2026-06-08T16-08-55-019ea647-0e81-7d81-9b62-558364a36e3f.jsonl
2026-06-08T08:09:08.561Z	??	frontend/src/components/noor/PluginIcon.vue	/home/kinax/.codex/sessions/2026/06/08/rollout-2026-06-08T16-08-55-019ea647-0e81-7d81-9b62-558364a36e3f.jsonl
2026-06-08T08:09:08.561Z	??	frontend/src/components/noor/PluginWidgetRenderer.vue	/home/kinax/.codex/sessions/2026/06/08/rollout-2026-06-08T16-08-55-019ea647-0e81-7d81-9b62-558364a36e3f.jsonl
2026-06-08T08:09:08.561Z	??	frontend/src/components/noor/SidebarWidgetSlot.vue	/home/kinax/.codex/sessions/2026/06/08/rollout-2026-06-08T16-08-55-019ea647-0e81-7d81-9b62-558364a36e3f.jsonl
2026-06-08T08:09:08.561Z	??	frontend/src/composables/useDownloaderDialog.ts	/home/kinax/.codex/sessions/2026/06/08/rollout-2026-06-08T16-08-55-019ea647-0e81-7d81-9b62-558364a36e3f.jsonl
2026-06-08T08:09:08.561Z	??	frontend/src/composables/usePluginRenderers.ts	/home/kinax/.codex/sessions/2026/06/08/rollout-2026-06-08T16-08-55-019ea647-0e81-7d81-9b62-558364a36e3f.jsonl
2026-06-08T08:09:08.561Z	??	frontend/src/composables/useSidebarWidgets.ts	/home/kinax/.codex/sessions/2026/06/08/rollout-2026-06-08T16-08-55-019ea647-0e81-7d81-9b62-558364a36e3f.jsonl
2026-06-08T08:09:08.561Z	??	frontend/src/composables/useSubscriptionDialog.ts	/home/kinax/.codex/sessions/2026/06/08/rollout-2026-06-08T16-08-55-019ea647-0e81-7d81-9b62-558364a36e3f.jsonl
2026-06-08T08:09:08.561Z	??	frontend/src/views/ResourceSearch.vue	/home/kinax/.codex/sessions/2026/06/08/rollout-2026-06-08T16-08-55-019ea647-0e81-7d81-9b62-558364a36e3f.jsonl
2026-06-08T08:09:08.561Z	??	plugins/av-graph/frontend/icons/	/home/kinax/.codex/sessions/2026/06/08/rollout-2026-06-08T16-08-55-019ea647-0e81-7d81-9b62-558364a36e3f.jsonl
2026-06-08T08:09:08.561Z	??	plugins/av-recommend/	/home/kinax/.codex/sessions/2026/06/08/rollout-2026-06-08T16-08-55-019ea647-0e81-7d81-9b62-558364a36e3f.jsonl
2026-06-08T08:09:08.561Z	??	plugins/avdb/frontend/icons/	/home/kinax/.codex/sessions/2026/06/08/rollout-2026-06-08T16-08-55-019ea647-0e81-7d81-9b62-558364a36e3f.jsonl
2026-06-08T08:09:08.561Z	??	plugins/javdb/frontend/icons/	/home/kinax/.codex/sessions/2026/06/08/rollout-2026-06-08T16-08-55-019ea647-0e81-7d81-9b62-558364a36e3f.jsonl
2026-06-08T08:09:08.561Z	??	plugins/local-subtitle-library/frontend/	/home/kinax/.codex/sessions/2026/06/08/rollout-2026-06-08T16-08-55-019ea647-0e81-7d81-9b62-558364a36e3f.jsonl
2026-06-08T08:09:08.561Z	??	plugins/mdc-ng-manual/frontend/icons/	/home/kinax/.codex/sessions/2026/06/08/rollout-2026-06-08T16-08-55-019ea647-0e81-7d81-9b62-558364a36e3f.jsonl
2026-06-08T08:09:08.561Z	??	plugins/mteam-plugin/frontend/icons/	/home/kinax/.codex/sessions/2026/06/08/rollout-2026-06-08T16-08-55-019ea647-0e81-7d81-9b62-558364a36e3f.jsonl
2026-06-08T08:09:08.561Z	??	plugins/qbittorrent/frontend/icons/	/home/kinax/.codex/sessions/2026/06/08/rollout-2026-06-08T16-08-55-019ea647-0e81-7d81-9b62-558364a36e3f.jsonl
2026-06-08T08:09:08.561Z	??	plugins/subscription-core/	/home/kinax/.codex/sessions/2026/06/08/rollout-2026-06-08T16-08-55-019ea647-0e81-7d81-9b62-558364a36e3f.jsonl
2026-06-08T08:09:08.561Z	??	plugins/transmission/frontend/	/home/kinax/.codex/sessions/2026/06/08/rollout-2026-06-08T16-08-55-019ea647-0e81-7d81-9b62-558364a36e3f.jsonl
2026-06-08T08:09:08.561Z	??	plugins/widget-system/frontend/	/home/kinax/.codex/sessions/2026/06/08/rollout-2026-06-08T16-08-55-019ea647-0e81-7d81-9b62-558364a36e3f.jsonl
2026-06-08T08:09:08.561Z	??	plugins/xunlei-remote/frontend/icons/	/home/kinax/.codex/sessions/2026/06/08/rollout-2026-06-08T16-08-55-019ea647-0e81-7d81-9b62-558364a36e3f.jsonl
2026-06-08T08:09:08.561Z	??	plugins/xunlei-subtitle/frontend/	/home/kinax/.codex/sessions/2026/06/08/rollout-2026-06-08T16-08-55-019ea647-0e81-7d81-9b62-558364a36e3f.jsonl
2026-08-23T07:01:18.439Z	M	backend/app/knowl	/home/kinax/.codex/sessions/2026/06/08/rollout-2026-06-08T16-08-55-019ea647-0e81-7d81-9b62-558364a36e3f.jsonl
2026-08-23T07:01:18.439Z	M	.gitignore	/home/kinax/.codex/sessions/2026/06/08/rollout-2026-06-08T16-08-55-019ea647-0e81-7d81-9b62-558364a36e3f.jsonl
2026-08-23T07:01:18.439Z	AM	HANDOFF.md	/home/kinax/.codex/sessions/2026/06/08/rollout-2026-06-08T16-08-55-019ea647-0e81-7d81-9b62-558364a36e3f.jsonl
2026-08-23T07:01:18.439Z	A	HANDOFF.md	/home/kinax/.codex/sessions/2026/06/08/rollout-2026-06-08T16-08-55-019ea647-0e81-7d81-9b62-558364a36e3f.jsonl
2026-08-23T07:01:18.439Z	M	backend/app/knowled	/home/kinax/.codex/sessions/2026/06/08/rollout-2026-06-08T16-08-55-019ea647-0e81-7d81-9b62-558364a36e3f.jsonl
2026-08-23T07:01:18.439Z	M	backend/app/api/endpoints/media_library.py	/home/kinax/.codex/sessions/2026/06/08/rollout-2026-06-08T16-08-55-019ea647-0e81-7d81-9b62-558364a36e3f.jsonl
2026-08-23T07:01:18.439Z	M	backe	/home/kinax/.codex/sessions/2026/06/08/rollout-2026-06-08T16-08-55-019ea647-0e81-7d81-9b62-558364a36e3f.jsonl
2026-08-23T07:01:18.439Z	M	backend/app/api	/home/kinax/.codex/sessions/2026/06/08/rollout-2026-06-08T16-08-55-019ea647-0e81-7d81-9b62-558364a36e3f.jsonl
2026-08-23T11:51:56.879Z	M	backend/app/api/endpoints/media_library_recovery.py	/home/kinax/.codex/sessions/2026/06/08/rollout-2026-06-08T16-08-55-019ea647-0e81-7d81-9b62-558364a36e3f.jsonl
2026-08-23T11:51:56.879Z	M	data/av_recommend/candidate_pool.json	/home/kinax/.codex/sessions/2026/06/08/rollout-2026-06-08T16-08-55-019ea647-0e81-7d81-9b62-558364a36e3f.jsonl
2026-08-23T11:54:25.606Z	M	forensics/version-gap-audit.md	/home/kinax/.codex/sessions/2026/06/08/rollout-2026-06-08T16-08-55-019ea647-0e81-7d81-9b62-558364a36e3f.jsonl
2026-04-25T10:06:13.782Z	M	Dockerfile	/home/kinax/.codex/sessions/2026/04/12/rollout-2026-04-12T23-01-00-019d8235-da19-7293-8340-06e5d2e60f75.jsonl
2026-04-25T10:18:38.464Z	M	backend/tests/test_whisper_api.py	/home/kinax/.codex/sessions/2026/04/12/rollout-2026-04-12T23-01-00-019d8235-da19-7293-8340-06e5d2e60f75.jsonl
2026-04-25T10:18:38.464Z	M	backend/tests/test_whisper_frontend_profile_sync.py	/home/kinax/.codex/sessions/2026/04/12/rollout-2026-04-12T23-01-00-019d8235-da19-7293-8340-06e5d2e60f75.jsonl
2026-04-25T10:18:38.464Z	M	frontend/src/components/noor/SubtitlePanel.vue	/home/kinax/.codex/sessions/2026/04/12/rollout-2026-04-12T23-01-00-019d8235-da19-7293-8340-06e5d2e60f75.jsonl
2026-04-25T10:18:38.464Z	M	frontend/src/composables/useWhisperProfiles.ts	/home/kinax/.codex/sessions/2026/04/12/rollout-2026-04-12T23-01-00-019d8235-da19-7293-8340-06e5d2e60f75.jsonl
2026-04-25T10:18:38.464Z	M	frontend/src/views/settings/WhisperSettings.vue	/home/kinax/.codex/sessions/2026/04/12/rollout-2026-04-12T23-01-00-019d8235-da19-7293-8340-06e5d2e60f75.jsonl
2026-04-25T10:57:13.413Z	M	backend/app/pipeline/whisper/engine.py	/home/kinax/.codex/sessions/2026/04/12/rollout-2026-04-12T23-01-00-019d8235-da19-7293-8340-06e5d2e60f75.jsonl
2026-04-25T10:57:13.413Z	M	backend/tests/test_whisper_engine_cache.py	/home/kinax/.codex/sessions/2026/04/12/rollout-2026-04-12T23-01-00-019d8235-da19-7293-8340-06e5d2e60f75.jsonl
2026-04-26T07:28:56.063Z	M	.env.docker.example	/home/kinax/.codex/sessions/2026/04/12/rollout-2026-04-12T23-01-00-019d8235-da19-7293-8340-06e5d2e60f75.jsonl
2026-04-26T07:28:56.063Z	M	docker-compose.yml	/home/kinax/.codex/sessions/2026/04/12/rollout-2026-04-12T23-01-00-019d8235-da19-7293-8340-06e5d2e60f75.jsonl
2026-04-26T07:28:56.063Z	??	docker-compose.deploy.yml	/home/kinax/.codex/sessions/2026/04/12/rollout-2026-04-12T23-01-00-019d8235-da19-7293-8340-06e5d2e60f75.jsonl
2026-04-26T07:28:56.063Z	??	models	/home/kinax/.codex/sessions/2026/04/12/rollout-2026-04-12T23-01-00-019d8235-da19-7293-8340-06e5d2e60f75.jsonl
2026-04-26T07:35:27.812Z	M	.dockerignore	/home/kinax/.codex/sessions/2026/04/12/rollout-2026-04-12T23-01-00-019d8235-da19-7293-8340-06e5d2e60f75.jsonl
2026-04-26T07:49:54.731Z	M	backend/app/api/settings_helpers.py	/home/kinax/.codex/sessions/2026/04/12/rollout-2026-04-12T23-01-00-019d8235-da19-7293-8340-06e5d2e60f75.jsonl
2026-04-26T08:04:19.924Z	M	README.md	/home/kinax/.codex/sessions/2026/04/12/rollout-2026-04-12T23-01-00-019d8235-da19-7293-8340-06e5d2e60f75.jsonl
2026-04-26T08:04:19.924Z	M	backend/tests/test_core_config.py	/home/kinax/.codex/sessions/2026/04/12/rollout-2026-04-12T23-01-00-019d8235-da19-7293-8340-06e5d2e60f75.jsonl
2026-04-26T08:23:25.706Z	??	data/	/home/kinax/.codex/sessions/2026/04/12/rollout-2026-04-12T23-01-00-019d8235-da19-7293-8340-06e5d2e60f75.jsonl
2026-04-26T08:31:54.328Z	M	DOCKER.md	/home/kinax/.codex/sessions/2026/04/12/rollout-2026-04-12T23-01-00-019d8235-da19-7293-8340-06e5d2e60f75.jsonl
2026-04-26T08:31:54.328Z	M	docker-compose.deploy.yml	/home/kinax/.codex/sessions/2026/04/12/rollout-2026-04-12T23-01-00-019d8235-da19-7293-8340-06e5d2e60f75.jsonl
2026-04-26T10:37:01.561Z	??	backend/requirements.docker.txt	/home/kinax/.codex/sessions/2026/04/12/rollout-2026-04-12T23-01-00-019d8235-da19-7293-8340-06e5d2e60f75.jsonl
