path	last_seen
AGENTS.md	2026-06-08T08:09:08.561Z
ARCHITECTURE.md	2026-08-23T11:44:02.714Z
DOCKER.md	2026-08-23T11:44:02.714Z
Dockerfile	2026-06-16T14:56:52.899Z
Dockerfile.frontend	2026-08-23T11:44:02.714Z
HANDOFF.md	2026-06-08T08:09:08.561Z
README.md	2026-06-26T18:33:24.985Z
RECOVERY.md	2026-08-23T07:31:44.896Z
STATUS.md	2026-04-24T10:18:09.380Z
backend/app/api	2026-08-23T07:01:18.439Z
backend/app/api/__init__.py	2026-08-23T10:26:49.978Z
backend/app/api/emby.py	2026-08-23T10:26:49.978Z
backend/app/api/endpoints/actors.py	2026-08-12T13:05:07.532Z
backend/app/api/endpoints/media_library.py	2026-06-11T16:41:18.919Z
backend/app/api/endpoints/media_library_hardlinks.py	2026-06-28T16:03:13.450Z
backend/app/api/endpoints/media_library_helpers.py	2026-06-24T16:37:18.695Z
backend/app/api/endpoints/media_library_item_detail.py	2026-07-10T09:48:47.143Z
backend/app/api/endpoints/media_library_listing.py	2026-08-12T09:31:48.672Z
backend/app/api/endpoints/media_library_recovery.py	2026-08-12T09:31:48.672Z
backend/app/api/events.py	2026-08-23T10:26:49.978Z
backend/app/api/facefusion.py	2026-06-30T10:20:19.301Z
backend/app/api/jobs.py	2026-06-08T08:09:08.561Z
backend/app/api/local_library.py	2026-06-26T15:13:32.473Z
backend/app/api/plugins.py	2026-06-08T08:09:08.561Z
backend/app/api/search.py	2026-06-08T08:09:08.561Z
backend/app/api/settings.py	2026-06-08T08:09:08.561Z
backend/app/api/settings_directories.py	2026-06-30T15:23:00.716Z
backend/app/api/settings_facefusion_upgrade.py	2026-06-30T08:24:55.615Z
backend/app/api/settings_helpers.py	2026-06-26T10:06:55.057Z
backend/app/api/settings_lada.py	2026-06-29T14:28:02.332Z
backend/app/api/settings_lada_defaults.py	2026-04-12T19:06:19.358Z
backend/app/api/settings_lada_upgrade.py	2026-06-08T08:09:08.561Z
backend/app/api/settings_response.py	2026-06-08T08:09:08.561Z
backend/app/api/settings_status_helpers.py	2026-06-26T15:16:28.524Z
backend/app/api/settings_updates.py	2026-06-08T08:09:08.561Z
backend/app/api/settings_whisper.py	2026-07-05T21:38:54.010Z
backend/app/api/settings_whisper_models.py	2026-06-28T17:22:35.320Z
backend/app/api/settings_whisper_runtime.py	2026-06-16T14:02:09.721Z
backend/app/api/subtitles.py	2026-08-23T11:44:02.714Z
backend/app/api/system.py	2026-06-08T08:09:08.561Z
backend/app/api/whisper.py	2026-06-16T14:02:09.721Z
backend/app/core/__init__.py	2026-08-23T11:44:02.714Z
backend/app/core/config.py	2026-06-08T08:09:08.561Z
backend/app/core/database.py	2026-06-26T15:20:33.037Z
backend/app/core/database_paths.py	2026-06-26T15:21:26.240Z
backend/app/core/events.py	2026-08-23T11:44:02.714Z
backend/app/core/facefusion_defaults.py	2026-08-22T06:36:20.437Z
backend/app/core/facefusion_paths.py	2026-06-30T07:47:25.767Z
backend/app/core/gpu_guard.py	2026-07-01T06:23:34.069Z
backend/app/core/lada_paths.py	2026-06-29T14:35:51.208Z
backend/app/core/models.py	2026-06-25T16:51:43.181Z
backend/app/core/runtime_paths.py	2026-06-26T15:13:32.473Z
backend/app/knowl	2026-08-23T07:01:18.439Z
backend/app/knowled	2026-08-23T07:01:18.439Z
backend/app/knowledge/api.py	2026-06-08T08:09:08.561Z
backend/app/knowledge/codes.py	2026-08-22T10:43:34.067Z
backend/app/knowledge/indexer.py	2026-06-08T08:09:08.561Z
backend/app/knowledge/repository.py	2026-06-08T08:09:08.561Z
backend/app/main.py	2026-06-08T08:09:08.561Z
backend/app/pipeline/__init__.py	2026-08-23T11:44:02.714Z
backend/app/pipeline/facefusion/preview.py	2026-06-30T19:06:30.693Z
backend/app/pipeline/facefusion/preview_worker.py	2026-06-30T19:36:58.130Z
backend/app/pipeline/facefusion/runner.py	2026-06-26T07:34:37.529Z
backend/app/pipeline/facefusion/source/.gitignore	2026-06-30T07:47:25.767Z
backend/app/pipeline/facefusion/source/LICENSE.md	2026-06-30T07:47:25.767Z
backend/app/pipeline/facefusion/source/facefusion.ini	2026-06-30T07:47:25.767Z
backend/app/pipeline/facefusion/source/facefusion.py	2026-06-30T07:47:25.767Z
backend/app/pipeline/facefusion/source/facefusion/__init__.py	2026-06-30T07:47:25.767Z
backend/app/pipeline/facefusion/source/facefusion/app_context.py	2026-06-30T07:47:25.767Z
backend/app/pipeline/facefusion/source/facefusion/args.py	2026-06-30T07:47:25.767Z
backend/app/pipeline/facefusion/source/facefusion/audio.py	2026-06-30T07:47:25.767Z
backend/app/pipeline/facefusion/source/facefusion/benchmarker.py	2026-06-30T07:47:25.767Z
backend/app/pipeline/facefusion/source/facefusion/camera_manager.py	2026-06-30T07:47:25.767Z
backend/app/pipeline/facefusion/source/facefusion/choices.py	2026-06-30T07:47:25.767Z
backend/app/pipeline/facefusion/source/facefusion/cli_helper.py	2026-06-30T07:47:25.767Z
backend/app/pipeline/facefusion/source/facefusion/common_helper.py	2026-06-30T07:47:25.767Z
backend/app/pipeline/facefusion/source/facefusion/conda.py	2026-06-30T07:47:25.767Z
backend/app/pipeline/facefusion/source/facefusion/config.py	2026-06-30T07:47:25.767Z
backend/app/pipeline/facefusion/source/facefusion/content_analyser.py	2026-06-30T07:47:25.767Z
backend/app/pipeline/facefusion/source/facefusion/core.py	2026-06-30T07:47:25.767Z
backend/app/pipeline/facefusion/source/facefusion/curl_builder.py	2026-06-30T07:47:25.767Z
backend/app/pipeline/facefusion/source/facefusion/download.py	2026-06-30T07:47:25.767Z
backend/app/pipeline/facefusion/source/facefusion/execution.py	2026-06-30T07:47:25.767Z
backend/app/pipeline/facefusion/source/facefusion/exit_helper.py	2026-06-30T07:47:25.767Z
backend/app/pipeline/facefusion/source/facefusion/face_analyser.py	2026-06-30T07:47:25.767Z
backend/app/pipeline/facefusion/source/facefusion/face_classifier.py	2026-06-30T07:47:25.767Z
backend/app/pipeline/facefusion/source/facefusion/face_detector.py	2026-06-30T07:47:25.767Z
backend/app/pipeline/facefusion/source/facefusion/face_helper.py	2026-06-30T07:47:25.767Z
backend/app/pipeline/facefusion/source/facefusion/face_landmarker.py	2026-06-30T07:47:25.767Z
backend/app/pipeline/facefusion/source/facefusion/face_masker.py	2026-06-30T07:47:25.767Z
backend/app/pipeline/facefusion/source/facefusion/face_recognizer.py	2026-06-30T07:47:25.767Z
backend/app/pipeline/facefusion/source/facefusion/face_selector.py	2026-06-30T07:47:25.767Z
backend/app/pipeline/facefusion/source/facefusion/face_store.py	2026-06-30T07:47:25.767Z
backend/app/pipeline/facefusion/source/facefusion/ffmpeg.py	2026-06-30T07:47:25.767Z
backend/app/pipeline/facefusion/source/facefusion/ffmpeg_builder.py	2026-06-30T07:47:25.767Z
backend/app/pipeline/facefusion/source/facefusion/filesystem.py	2026-06-30T07:47:25.767Z
backend/app/pipeline/facefusion/source/facefusion/hash_helper.py	2026-06-30T07:47:25.767Z
backend/app/pipeline/facefusion/source/facefusion/inference_manager.py	2026-06-30T07:47:25.767Z
backend/app/pipeline/facefusion/source/facefusion/installer.py	2026-06-30T07:47:25.767Z
backend/app/pipeline/facefusion/source/facefusion/jobs/__init__.py	2026-06-30T07:47:25.767Z
backend/app/pipeline/facefusion/source/facefusion/jobs/job_helper.py	2026-06-30T07:47:25.767Z
backend/app/pipeline/facefusion/source/facefusion/jobs/job_list.py	2026-06-30T07:47:25.767Z
backend/app/pipeline/facefusion/source/facefusion/jobs/job_manager.py	2026-06-30T07:47:25.767Z
backend/app/pipeline/facefusion/source/facefusion/jobs/job_runner.py	2026-06-30T07:47:25.767Z
backend/app/pipeline/facefusion/source/facefusion/jobs/job_store.py	2026-06-30T07:47:25.767Z
backend/app/pipeline/facefusion/source/facefusion/json.py	2026-06-30T07:47:25.767Z
backend/app/pipeline/facefusion/source/facefusion/locales.py	2026-06-30T07:47:25.767Z
backend/app/pipeline/facefusion/source/facefusion/logger.py	2026-06-30T07:47:25.767Z
backend/app/pipeline/facefusion/source/facefusion/memory.py	2026-06-30T07:47:25.767Z
backend/app/pipeline/facefusion/source/facefusion/metadata.py	2026-06-30T07:47:25.767Z
backend/app/pipeline/facefusion/source/facefusion/model_helper.py	2026-06-30T07:47:25.767Z
backend/app/pipeline/facefusion/source/facefusion/normalizer.py	2026-06-30T07:47:25.767Z
backend/app/pipeline/facefusion/source/facefusion/process_manager.py	2026-06-30T07:47:25.767Z
backend/app/pipeline/facefusion/source/facefusion/processors/__init__.py	2026-06-30T07:47:25.767Z
backend/app/pipeline/facefusion/source/facefusion/processors/core.py	2026-06-30T07:47:25.767Z
backend/app/pipeline/facefusion/source/facefusion/processors/live_portrait.py	2026-06-30T07:47:25.767Z
backend/app/pipeline/facefusion/source/facefusion/processors/modules/__init__.py	2026-06-30T07:47:25.767Z
backend/app/pipeline/facefusion/source/facefusion/processors/modules/age_modifier/__init__.py	2026-06-30T07:47:25.767Z
backend/app/pipeline/facefusion/source/facefusion/processors/modules/age_modifier/choices.py	2026-06-30T07:47:25.767Z
backend/app/pipeline/facefusion/source/facefusion/processors/modules/age_modifier/core.py	2026-06-30T07:47:25.767Z
backend/app/pipeline/facefusion/source/facefusion/processors/modules/age_modifier/locales.py	2026-06-30T07:47:25.767Z
backend/app/pipeline/facefusion/source/facefusion/processors/modules/age_modifier/types.py	2026-06-30T07:47:25.767Z
backend/app/pipeline/facefusion/source/facefusion/processors/modules/background_remover/__init__.py	2026-06-30T07:47:25.767Z
backend/app/pipeline/facefusion/source/facefusion/processors/modules/background_remover/choices.py	2026-06-30T07:47:25.767Z
backend/app/pipeline/facefusion/source/facefusion/processors/modules/background_remover/core.py	2026-06-30T07:47:25.767Z
backend/app/pipeline/facefusion/source/facefusion/processors/modules/background_remover/locales.py	2026-06-30T07:47:25.767Z
backend/app/pipeline/facefusion/source/facefusion/processors/modules/background_remover/types.py	2026-06-30T07:47:25.767Z
backend/app/pipeline/facefusion/source/facefusion/processors/modules/deep_swapper/__init__.py	2026-06-30T07:47:25.767Z
backend/app/pipeline/facefusion/source/facefusion/processors/modules/deep_swapper/choices.py	2026-06-30T07:47:25.767Z
backend/app/pipeline/facefusion/source/facefusion/processors/modules/deep_swapper/core.py	2026-06-30T07:47:25.767Z
backend/app/pipeline/facefusion/source/facefusion/processors/modules/deep_swapper/locales.py	2026-06-30T07:47:25.767Z
backend/app/pipeline/facefusion/source/facefusion/processors/modules/deep_swapper/types.py	2026-06-30T07:47:25.767Z
backend/app/pipeline/facefusion/source/facefusion/processors/modules/expression_restorer/__init__.py	2026-06-30T07:47:25.767Z
backend/app/pipeline/facefusion/source/facefusion/processors/modules/expression_restorer/choices.py	2026-06-30T07:47:25.767Z
backend/app/pipeline/facefusion/source/facefusion/processors/modules/expression_restorer/core.py	2026-06-30T07:47:25.767Z
backend/app/pipeline/facefusion/source/facefusion/processors/modules/expression_restorer/locales.py	2026-06-30T07:47:25.767Z
backend/app/pipeline/facefusion/source/facefusion/processors/modules/expression_restorer/types.py	2026-06-30T07:47:25.767Z
backend/app/pipeline/facefusion/source/facefusion/processors/modules/face_debugger/__init__.py	2026-06-30T07:47:25.767Z
backend/app/pipeline/facefusion/source/facefusion/processors/modules/face_debugger/choices.py	2026-06-30T07:47:25.767Z
backend/app/pipeline/facefusion/source/facefusion/processors/modules/face_debugger/core.py	2026-06-30T07:47:25.767Z
backend/app/pipeline/facefusion/source/facefusion/processors/modules/face_debugger/locales.py	2026-06-30T07:47:25.767Z
backend/app/pipeline/facefusion/source/facefusion/processors/modules/face_debugger/types.py	2026-06-30T07:47:25.767Z
backend/app/pipeline/facefusion/source/facefusion/processors/modules/face_editor/__init__.py	2026-06-30T07:47:25.767Z
backend/app/pipeline/facefusion/source/facefusion/processors/modules/face_editor/choices.py	2026-06-30T07:47:25.767Z
backend/app/pipeline/facefusion/source/facefusion/processors/modules/face_editor/core.py	2026-06-30T07:47:25.767Z
backend/app/pipeline/facefusion/source/facefusion/processors/modules/face_editor/locales.py	2026-06-30T07:47:25.767Z
backend/app/pipeline/facefusion/source/facefusion/processors/modules/face_editor/types.py	2026-06-30T07:47:25.767Z
backend/app/pipeline/facefusion/source/facefusion/processors/modules/face_enhancer/__init__.py	2026-06-30T07:47:25.767Z
backend/app/pipeline/facefusion/source/facefusion/processors/modules/face_enhancer/choices.py	2026-06-30T07:47:25.767Z
backend/app/pipeline/facefusion/source/facefusion/processors/modules/face_enhancer/core.py	2026-06-30T07:47:25.767Z
backend/app/pipeline/facefusion/source/facefusion/processors/modules/face_enhancer/locales.py	2026-06-30T07:47:25.767Z
backend/app/pipeline/facefusion/source/facefusion/processors/modules/face_enhancer/types.py	2026-06-30T07:47:25.767Z
backend/app/pipeline/facefusion/source/facefusion/processors/modules/face_swapper/__init__.py	2026-06-30T07:47:25.767Z
backend/app/pipeline/facefusion/source/facefusion/processors/modules/face_swapper/choices.py	2026-06-30T07:47:25.767Z
backend/app/pipeline/facefusion/source/facefusion/processors/modules/face_swapper/core.py	2026-06-30T07:47:25.767Z
backend/app/pipeline/facefusion/source/facefusion/processors/modules/face_swapper/locales.py	2026-06-30T07:47:25.767Z
backend/app/pipeline/facefusion/source/facefusion/processors/modules/face_swapper/types.py	2026-06-30T07:47:25.767Z
backend/app/pipeline/facefusion/source/facefusion/processors/modules/frame_colorizer/__init__.py	2026-06-30T07:47:25.767Z
backend/app/pipeline/facefusion/source/facefusion/processors/modules/frame_colorizer/choices.py	2026-06-30T07:47:25.767Z
backend/app/pipeline/facefusion/source/facefusion/processors/modules/frame_colorizer/core.py	2026-06-30T07:47:25.767Z
backend/app/pipeline/facefusion/source/facefusion/processors/modules/frame_colorizer/locales.py	2026-06-30T07:47:25.767Z
backend/app/pipeline/facefusion/source/facefusion/processors/modules/frame_colorizer/types.py	2026-06-30T07:47:25.767Z
backend/app/pipeline/facefusion/source/facefusion/processors/modules/frame_enhancer/__init__.py	2026-06-30T07:47:25.767Z
backend/app/pipeline/facefusion/source/facefusion/processors/modules/frame_enhancer/choices.py	2026-06-30T07:47:25.767Z
backend/app/pipeline/facefusion/source/facefusion/processors/modules/frame_enhancer/core.py	2026-06-30T07:47:25.767Z
backend/app/pipeline/facefusion/source/facefusion/processors/modules/frame_enhancer/locales.py	2026-06-30T07:47:25.767Z
backend/app/pipeline/facefusion/source/facefusion/processors/modules/frame_enhancer/types.py	2026-06-30T07:47:25.767Z
backend/app/pipeline/facefusion/source/facefusion/processors/modules/lip_syncer/__init__.py	2026-06-30T07:47:25.767Z
backend/app/pipeline/facefusion/source/facefusion/processors/modules/lip_syncer/choices.py	2026-06-30T07:47:25.767Z
backend/app/pipeline/facefusion/source/facefusion/processors/modules/lip_syncer/core.py	2026-06-30T07:47:25.767Z
backend/app/pipeline/facefusion/source/facefusion/processors/modules/lip_syncer/locales.py	2026-06-30T07:47:25.767Z
backend/app/pipeline/facefusion/source/facefusion/processors/modules/lip_syncer/types.py	2026-06-30T07:47:25.767Z
backend/app/pipeline/facefusion/source/facefusion/processors/pixel_boost.py	2026-06-30T07:47:25.767Z
backend/app/pipeline/facefusion/source/facefusion/processors/types.py	2026-06-30T07:47:25.767Z
backend/app/pipeline/facefusion/source/facefusion/program.py	2026-06-30T07:47:25.767Z
backend/app/pipeline/facefusion/source/facefusion/program_helper.py	2026-06-30T07:47:25.767Z
backend/app/pipeline/facefusion/source/facefusion/sanitizer.py	2026-06-30T07:47:25.767Z
backend/app/pipeline/facefusion/source/facefusion/state_manager.py	2026-06-30T07:47:25.767Z
backend/app/pipeline/facefusion/source/facefusion/streamer.py	2026-06-30T07:47:25.767Z
backend/app/pipeline/facefusion/source/facefusion/temp_helper.py	2026-06-30T07:47:25.767Z
backend/app/pipeline/facefusion/source/facefusion/thread_helper.py	2026-06-30T07:47:25.767Z
backend/app/pipeline/facefusion/source/facefusion/time_helper.py	2026-06-30T07:47:25.767Z
backend/app/pipeline/facefusion/source/facefusion/translator.py	2026-06-30T07:47:25.767Z
backend/app/pipeline/facefusion/source/facefusion/types.py	2026-06-30T07:47:25.767Z
backend/app/pipeline/facefusion/source/facefusion/uis/__init__.py	2026-06-30T07:47:25.767Z
backend/app/pipeline/facefusion/source/facefusion/uis/assets/overrides.css	2026-06-30T07:47:25.767Z
backend/app/pipeline/facefusion/source/facefusion/uis/choices.py	2026-06-30T07:47:25.767Z
backend/app/pipeline/facefusion/source/facefusion/uis/components/__init__.py	2026-06-30T07:47:25.767Z
backend/app/pipeline/facefusion/source/facefusion/uis/components/about.py	2026-06-30T07:47:25.767Z
backend/app/pipeline/facefusion/source/facefusion/uis/components/age_modifier_options.py	2026-06-30T07:47:25.767Z
backend/app/pipeline/facefusion/source/facefusion/uis/components/background_remover_options.py	2026-06-30T07:47:25.767Z
backend/app/pipeline/facefusion/source/facefusion/uis/components/benchmark.py	2026-06-30T07:47:25.767Z
backend/app/pipeline/facefusion/source/facefusion/uis/components/benchmark_options.py	2026-06-30T07:47:25.767Z
backend/app/pipeline/facefusion/source/facefusion/uis/components/common_options.py	2026-06-30T07:47:25.767Z
backend/app/pipeline/facefusion/source/facefusion/uis/components/deep_swapper_options.py	2026-06-30T07:47:25.767Z
backend/app/pipeline/facefusion/source/facefusion/uis/components/download.py	2026-06-30T07:47:25.767Z
backend/app/pipeline/facefusion/source/facefusion/uis/components/execution.py	2026-06-30T07:47:25.767Z
backend/app/pipeline/facefusion/source/facefusion/uis/components/execution_thread_count.py	2026-06-30T07:47:25.767Z
backend/app/pipeline/facefusion/source/facefusion/uis/components/expression_restorer_options.py	2026-06-30T07:47:25.767Z
backend/app/pipeline/facefusion/source/facefusion/uis/components/face_debugger_options.py	2026-06-30T07:47:25.767Z
backend/app/pipeline/facefusion/source/facefusion/uis/components/face_detector.py	2026-06-30T07:47:25.767Z
backend/app/pipeline/facefusion/source/facefusion/uis/components/face_editor_options.py	2026-06-30T07:47:25.767Z
backend/app/pipeline/facefusion/source/facefusion/uis/components/face_enhancer_options.py	2026-06-30T07:47:25.767Z
backend/app/pipeline/facefusion/source/facefusion/uis/components/face_landmarker.py	2026-06-30T07:47:25.767Z
backend/app/pipeline/facefusion/source/facefusion/uis/components/face_masker.py	2026-06-30T07:47:25.767Z
backend/app/pipeline/facefusion/source/facefusion/uis/components/face_selector.py	2026-06-30T07:47:25.767Z
backend/app/pipeline/facefusion/source/facefusion/uis/components/face_swapper_options.py	2026-06-30T07:47:25.767Z
backend/app/pipeline/facefusion/source/facefusion/uis/components/frame_colorizer_options.py	2026-06-30T07:47:25.767Z
backend/app/pipeline/facefusion/source/facefusion/uis/components/frame_enhancer_options.py	2026-06-30T07:47:25.767Z
backend/app/pipeline/facefusion/source/facefusion/uis/components/instant_runner.py	2026-06-30T07:47:25.767Z
backend/app/pipeline/facefusion/source/facefusion/uis/components/job_list.py	2026-06-30T07:47:25.767Z
backend/app/pipeline/facefusion/source/facefusion/uis/components/job_list_options.py	2026-06-30T07:47:25.767Z
backend/app/pipeline/facefusion/source/facefusion/uis/components/job_manager.py	2026-06-30T07:47:25.767Z
backend/app/pipeline/facefusion/source/facefusion/uis/components/job_runner.py	2026-06-30T07:47:25.767Z
backend/app/pipeline/facefusion/source/facefusion/uis/components/lip_syncer_options.py	2026-06-30T07:47:25.767Z
backend/app/pipeline/facefusion/source/facefusion/uis/components/memory.py	2026-06-30T07:47:25.767Z
backend/app/pipeline/facefusion/source/facefusion/uis/components/output.py	2026-06-30T07:47:25.767Z
backend/app/pipeline/facefusion/source/facefusion/uis/components/output_options.py	2026-06-30T07:47:25.767Z
backend/app/pipeline/facefusion/source/facefusion/uis/components/preview.py	2026-06-30T07:47:25.767Z
backend/app/pipeline/facefusion/source/facefusion/uis/components/preview_options.py	2026-06-30T07:47:25.767Z
backend/app/pipeline/facefusion/source/facefusion/uis/components/processors.py	2026-06-30T07:47:25.767Z
backend/app/pipeline/facefusion/source/facefusion/uis/components/source.py	2026-06-30T07:47:25.767Z
backend/app/pipeline/facefusion/source/facefusion/uis/components/target.py	2026-06-30T07:47:25.767Z
backend/app/pipeline/facefusion/source/facefusion/uis/components/temp_frame.py	2026-06-30T07:47:25.767Z
backend/app/pipeline/facefusion/source/facefusion/uis/components/terminal.py	2026-06-30T07:47:25.767Z
backend/app/pipeline/facefusion/source/facefusion/uis/components/trim_frame.py	2026-06-30T07:47:25.767Z
backend/app/pipeline/facefusion/source/facefusion/uis/components/ui_workflow.py	2026-06-30T07:47:25.767Z
backend/app/pipeline/facefusion/source/facefusion/uis/components/voice_extractor.py	2026-06-30T07:47:25.767Z
backend/app/pipeline/facefusion/source/facefusion/uis/components/webcam.py	2026-06-30T07:47:25.767Z
backend/app/pipeline/facefusion/source/facefusion/uis/components/webcam_options.py	2026-06-30T07:47:25.767Z
backend/app/pipeline/facefusion/source/facefusion/uis/core.py	2026-06-30T07:47:25.767Z
backend/app/pipeline/facefusion/source/facefusion/uis/layouts/benchmark.py	2026-06-30T07:47:25.767Z
backend/app/pipeline/facefusion/source/facefusion/uis/layouts/default.py	2026-06-30T07:47:25.767Z
backend/app/pipeline/facefusion/source/facefusion/uis/layouts/jobs.py	2026-06-30T07:47:25.767Z
backend/app/pipeline/facefusion/source/facefusion/uis/layouts/webcam.py	2026-06-30T07:47:25.767Z
backend/app/pipeline/facefusion/source/facefusion/uis/overrides.py	2026-06-30T07:47:25.767Z
backend/app/pipeline/facefusion/source/facefusion/uis/types.py	2026-06-30T07:47:25.767Z
backend/app/pipeline/facefusion/source/facefusion/uis/ui_helper.py	2026-06-30T07:47:25.767Z
backend/app/pipeline/facefusion/source/facefusion/video_manager.py	2026-06-30T07:47:25.767Z
backend/app/pipeline/facefusion/source/facefusion/vision.py	2026-06-30T07:47:25.767Z
backend/app/pipeline/facefusion/source/facefusion/voice_extractor.py	2026-06-30T07:47:25.767Z
backend/app/pipeline/facefusion/source/facefusion/workflows/__init__.py	2026-06-30T07:47:25.767Z
backend/app/pipeline/facefusion/source/facefusion/workflows/core.py	2026-06-30T07:47:25.767Z
backend/app/pipeline/facefusion/source/facefusion/workflows/image_to_image.py	2026-06-30T07:47:25.767Z
backend/app/pipeline/facefusion/source/facefusion/workflows/image_to_video.py	2026-06-30T07:47:25.767Z
backend/app/pipeline/facefusion/source/requirements.txt	2026-06-30T07:47:25.767Z
backend/app/pipeline/lada/runner.py	2026-06-26T09:50:41.283Z
backend/app/pipeline/whisper/decoupled/anime_qwen3_chain.py	2026-04-24T19:58:52.316Z
backend/app/pipeline/whisper/decoupled/qwen3.py	2026-06-29T14:07:42.049Z
backend/app/pipeline/whisper/engine.py	2026-06-29T14:07:16.794Z
backend/app/pipeline/whisper/enhancer.py	2026-06-26T09:59:18.954Z
backend/app/pipeline/whisper/japanese_post.py	2026-07-05T21:38:54.010Z
backend/app/pipeline/whisper/merge.py	2026-04-16T05:42:47.751Z
backend/app/pipeline/whisper/orchestrator.py	2026-06-26T09:59:18.954Z
backend/app/pipeline/whisper/preprocess.py	2026-06-29T14:22:59.459Z
backend/app/pipeline/whisper/progress.py	2026-04-16T17:15:56.917Z
backend/app/pipeline/whisper/runtime.py	2026-06-20T08:47:16.498Z
backend/app/pipeline/whisper/scene_detector.py	2026-07-05T21:54:28.494Z
backend/app/pipeline/whisper/strategy.py	2026-07-05T21:38:54.010Z
backend/app/pipeline/whisper/subtitle_pipeline/__init__.py	2026-04-16T17:15:56.917Z
backend/app/pipeline/whisper/subtitle_pipeline/bridge.py	2026-04-16T17:15:56.917Z
backend/app/pipeline/whisper/timing_refiner.py	2026-07-06T16:53:44.229Z
backend/app/pipeline/whisper/translator.py	2026-06-16T13:36:03.061Z
backend/app/pipeline/whisper/types.py	2026-07-05T21:38:54.010Z
backend/app/plugins/__init__.py	2026-04-12T15:52:52.595Z
backend/app/plugins/contracts.py	2026-06-08T08:09:08.561Z
backend/app/plugins/external_tasks.py	2026-06-08T08:09:08.561Z
backend/app/plugins/runtime.py	2026-06-08T08:09:08.561Z
backend/app/plugins/store.py	2026-06-26T15:13:32.473Z
backend/app/tasks/job_phases.py	2026-06-08T08:09:08.561Z
backend/app/tasks/manager.py	2026-06-25T16:50:05.799Z
backend/app/tasks/manager_helpers.py	2026-06-26T15:16:28.524Z
backend/requirements.docker.full.txt	2026-06-20T08:22:44.355Z
backend/requirements.docker.txt	2026-04-26T10:37:01.561Z
backend/requirements.txt	2026-06-20T08:22:44.355Z
backend/requirements.whisper-runtime.txt	2026-06-20T08:22:44.355Z
backend/run.py	2026-08-23T10:26:49.978Z
backend/tests/conftest.py	2026-04-13T11:28:24.106Z
backend/tests/test_actor_profile_sync_contract.py	2026-08-12T13:12:30.960Z
backend/tests/test_actor_routes.py	2026-08-23T08:57:23.807Z
backend/tests/test_av_recommend_recovery.py	2026-08-12T12:59:22.903Z
backend/tests/test_builtin_plugin_manifests.py	2026-04-30T09:54:49.670Z
backend/tests/test_core_config.py	2026-04-24T19:11:41.531Z
backend/tests/test_core_config_storage_defaults.py	2026-06-26T15:13:32.473Z
backend/tests/test_database_paths.py	2026-06-26T15:21:26.240Z
backend/tests/test_env_backed_library_configs.py	2026-06-26T15:13:32.473Z
backend/tests/test_events_api.py	2026-04-16T16:38:48.085Z
backend/tests/test_facefusion_embedded_source.py	2026-08-12T09:23:26.772Z
backend/tests/test_facefusion_model_management.py	2026-08-22T09:09:00.202Z
backend/tests/test_facefusion_paths.py	2026-08-22T06:38:12.951Z
backend/tests/test_facefusion_runner.py	2026-06-28T17:28:50.104Z
backend/tests/test_facefusion_upgrade.py	2026-06-30T08:24:55.615Z
backend/tests/test_frontend_phase_map_sync.py	2026-04-22T15:56:36.968Z
backend/tests/test_frontend_plugin_sidebar_sync.py	2026-04-30T09:54:49.670Z
backend/tests/test_frontend_use_sse_sync.py	2026-04-22T21:53:00.646Z
backend/tests/test_javdb_crack_tags.py	2026-08-12T14:11:57.558Z
backend/tests/test_job_manager.py	2026-04-12T21:52:54.446Z
backend/tests/test_job_manager_recovery.py	2026-08-23T08:44:38.622Z
backend/tests/test_job_phase_normalization.py	2026-04-22T15:56:36.968Z
backend/tests/test_jobs_api.py	2026-04-13T11:04:01.276Z
backend/tests/test_jobs_events_api.py	2026-08-23T08:52:50.880Z
backend/tests/test_jobs_frontend_presentation_sync.py	2026-04-22T21:53:00.646Z
backend/tests/test_jobs_frontend_runtime_sync.py	2026-04-22T21:53:00.646Z
backend/tests/test_knowledge_codes.py	2026-08-22T10:43:34.067Z
backend/tests/test_knowledge_core.py	2026-06-08T08:09:08.561Z
backend/tests/test_lada_paths.py	2026-06-29T14:35:51.208Z
backend/tests/test_lada_runner_cancel.py	2026-06-26T09:59:18.954Z
backend/tests/test_local_library_api.py	2026-08-22T09:49:46.321Z
backend/tests/test_mdc_ng_manual_plugin.py	2026-06-08T08:09:08.561Z
backend/tests/test_media_library_api.py	2026-07-01T16:36:29.681Z
backend/tests/test_media_library_hardlinks.py	2026-06-28T16:03:13.450Z
backend/tests/test_media_library_recovery_api.py	2026-08-12T12:18:54.098Z
backend/tests/test_media_library_tags.py	2026-08-12T09:31:48.672Z
backend/tests/test_mteam_subtitle_plugin.py	2026-04-30T09:54:49.670Z
backend/tests/test_plugin_compat_api.py	2026-08-12T12:29:19.314Z
backend/tests/test_plugin_runtime.py	2026-04-30T09:54:49.670Z
backend/tests/test_plugins_api.py	2026-04-30T09:54:49.670Z
backend/tests/test_qbittorrent_plugin.py	2026-04-30T09:54:49.670Z
backend/tests/test_settings_api.py	2026-06-29T14:28:02.332Z
backend/tests/test_settings_directories.py	2026-04-12T18:55:30.216Z
backend/tests/test_settings_lada_defaults.py	2026-04-12T19:06:19.358Z
backend/tests/test_settings_lada_upgrade.py	2026-06-08T08:09:08.561Z
backend/tests/test_settings_network_contract.py	2026-08-12T12:25:15.854Z
backend/tests/test_settings_response.py	2026-06-08T08:09:08.561Z
backend/tests/test_settings_status_helpers.py	2026-06-26T15:16:28.524Z
backend/tests/test_settings_updates.py	2026-06-08T08:09:08.561Z
backend/tests/test_settings_whisper_helpers.py	2026-04-22T21:53:00.646Z
backend/tests/test_settings_whisper_models.py	2026-08-23T07:31:44.896Z
backend/tests/test_settings_whisper_runtime.py	2026-06-20T08:22:44.355Z
backend/tests/test_subtitle_provider_plugins.py	2026-04-30T09:54:49.670Z
backend/tests/test_subtitles_api.py	2026-04-12T21:54:49.264Z
backend/tests/test_subtitles_plugin_urls.py	2026-04-30T09:54:49.670Z
backend/tests/test_system_client_logs.py	2026-08-12T13:19:49.984Z
backend/tests/test_translate_frontend_submission_sync.py	2026-04-22T21:53:00.646Z
backend/tests/test_translate_job_manager.py	2026-04-16T17:15:56.917Z
backend/tests/test_transmission_plugin.py	2026-04-29T14:13:11.644Z
backend/tests/test_whisper_anime_qwen3_chain.py	2026-04-22T15:56:36.968Z
backend/tests/test_whisper_anime_qwen3_chain_retry.py	2026-04-22T15:56:36.968Z
backend/tests/test_whisper_api.py	2026-04-16T05:42:47.751Z
backend/tests/test_whisper_chickenrice_config.py	2026-08-23T07:31:44.896Z
backend/tests/test_whisper_engine_cache.py	2026-06-28T17:25:53.704Z
backend/tests/test_whisper_engine_reazon.py	2026-04-25T10:05:36.096Z
backend/tests/test_whisper_feature_gating.py	2026-04-16T17:15:56.917Z
backend/tests/test_whisper_framers.py	2026-04-22T15:56:36.968Z
backend/tests/test_whisper_frontend_profile_sync.py	2026-04-22T21:53:00.646Z
backend/tests/test_whisper_frontend_strategy_selection_sync.py	2026-05-03T07:59:14.108Z
backend/tests/test_whisper_frontend_submission_sync.py	2026-04-22T21:53:00.646Z
backend/tests/test_whisper_job_manager.py	2026-04-13T13:04:48.516Z
backend/tests/test_whisper_merge.py	2026-04-16T05:42:47.751Z
backend/tests/test_whisper_orchestrator_enhancers.py	2026-04-16T05:42:47.751Z
backend/tests/test_whisper_pass2_gating.py	2026-04-16T17:15:56.917Z
backend/tests/test_whisper_phase_based.py	2026-04-16T17:15:56.917Z
backend/tests/test_whisper_postprocess.py	2026-08-23T08:47:27.240Z
backend/tests/test_whisper_preprocess.py	2026-06-29T14:22:59.459Z
backend/tests/test_whisper_processor_cache.py	2026-04-16T05:42:47.751Z
backend/tests/test_whisper_progress.py	2026-04-22T15:56:36.968Z
backend/tests/test_whisper_qwen3_loader.py	2026-04-24T19:38:58.156Z
backend/tests/test_whisper_qwen3_segmentation.py	2026-04-22T15:56:36.968Z
backend/tests/test_whisper_recommended_decoupled.py	2026-04-16T17:15:56.917Z
backend/tests/test_whisper_recommended_decoupled_qwen_retry.py	2026-04-16T17:15:56.917Z
backend/tests/test_whisper_runtime.py	2026-06-20T08:47:16.498Z
backend/tests/test_whisper_strategy.py	2026-07-06T16:00:01.724Z
backend/tests/test_whisper_timing_refiner.py	2026-07-06T16:58:17.112Z
backend/tests/test_whisper_translator.py	2026-06-16T13:58:35.319Z
backend/tests/test_xunlei_remote_plugin.py	2026-05-02T08:15:20.016Z
data/av_recommend/candidate_pool.json	2026-08-12T09:55:04.417Z
data/plugin_cache/mteam-plugin/albums.json	2026-06-08T08:33:12.048Z
data/plugin_cache/mteam-plugin/covers/1010401.json	2026-06-08T08:09:08.561Z
data/plugin_cache/mteam-plugin/covers/1011910.json	2026-06-08T08:09:08.561Z
data/plugin_cache/mteam-plugin/covers/1027576.json	2026-06-08T08:09:08.561Z
data/plugin_cache/mteam-plugin/covers/1033073.json	2026-06-08T08:09:08.561Z
data/plugin_cache/mteam-plugin/covers/1033645.json	2026-06-08T08:09:08.561Z
data/plugin_cache/mteam-plugin/covers/1033904.json	2026-06-08T08:09:08.561Z
data/plugin_cache/mteam-plugin/covers/1082175.json	2026-06-08T08:09:08.561Z
data/plugin_cache/mteam-plugin/covers/1089105.json	2026-06-08T08:09:08.561Z
data/plugin_cache/mteam-plugin/covers/1095623.json	2026-06-08T08:09:08.561Z
data/plugin_cache/mteam-plugin/covers/1102239.json	2026-06-08T08:09:08.561Z
data/plugin_cache/mteam-plugin/covers/1102553.json	2026-06-08T08:09:08.561Z
data/plugin_cache/mteam-plugin/covers/1104107.json	2026-06-08T08:09:08.561Z
data/plugin_cache/mteam-plugin/covers/1110290.json	2026-06-08T08:09:08.561Z
data/plugin_cache/mteam-plugin/covers/1121322.json	2026-06-08T08:09:08.561Z
data/plugin_cache/mteam-plugin/covers/1121323.json	2026-06-08T08:09:08.561Z
data/plugin_cache/mteam-plugin/covers/1140692.json	2026-06-08T08:09:08.561Z
data/plugin_cache/mteam-plugin/covers/1141915.json	2026-06-08T08:09:08.561Z
data/plugin_cache/mteam-plugin/covers/1142837.json	2026-06-08T08:09:08.561Z
data/plugin_cache/mteam-plugin/covers/1157456.json	2026-06-08T08:09:08.561Z
data/plugin_cache/mteam-plugin/covers/1159336.json	2026-06-08T08:33:12.048Z
data/plugin_cache/mteam-plugin/covers/1159339.json	2026-06-08T08:33:12.048Z
data/plugin_cache/mteam-plugin/covers/1159342.json	2026-06-08T08:33:12.048Z
data/plugin_cache/mteam-plugin/covers/1159366.json	2026-06-08T08:33:12.048Z
data/plugin_cache/mteam-plugin/covers/1159578.json	2026-06-08T08:33:12.048Z
data/plugin_cache/mteam-plugin/covers/1160041.json	2026-06-08T08:33:12.048Z
data/plugin_cache/mteam-plugin/covers/1160131.json	2026-06-08T08:33:12.048Z
data/plugin_cache/mteam-plugin/covers/1160275.json	2026-06-08T08:33:12.048Z
data/plugin_cache/mteam-plugin/covers/1160504.json	2026-06-08T08:09:08.561Z
data/plugin_cache/mteam-plugin/covers/1160651.json	2026-06-08T08:09:08.561Z
data/plugin_cache/mteam-plugin/covers/1162069.json	2026-06-08T08:33:12.048Z
data/plugin_cache/mteam-plugin/covers/1162494.json	2026-06-08T08:33:12.048Z
data/plugin_cache/mteam-plugin/covers/1163019.json	2026-06-08T08:33:12.048Z
data/plugin_cache/mteam-plugin/covers/1163122.json	2026-06-08T08:33:12.048Z
data/plugin_cache/mteam-plugin/covers/1163664.json	2026-06-08T08:33:12.048Z
data/plugin_cache/mteam-plugin/covers/1164374.json	2026-06-08T08:09:08.561Z
data/plugin_cache/mteam-plugin/covers/1164682.json	2026-06-08T08:09:08.561Z
data/plugin_cache/mteam-plugin/covers/1164741.json	2026-06-08T08:09:08.561Z
data/plugin_cache/mteam-plugin/covers/1164753.json	2026-06-08T08:33:12.048Z
data/plugin_cache/mteam-plugin/covers/1164790.json	2026-06-08T08:09:08.561Z
data/plugin_cache/mteam-plugin/covers/1164876.json	2026-06-08T08:09:08.561Z
data/plugin_cache/mteam-plugin/covers/1164997.json	2026-06-08T08:09:08.561Z
data/plugin_cache/mteam-plugin/covers/1165501.json	2026-06-08T08:09:08.561Z
data/plugin_cache/mteam-plugin/covers/1165675.json	2026-06-08T08:09:08.561Z
data/plugin_cache/mteam-plugin/covers/1165837.json	2026-06-08T08:09:08.561Z
data/plugin_cache/mteam-plugin/covers/1165862.json	2026-06-08T08:09:08.561Z
data/plugin_cache/mteam-plugin/covers/1165889.json	2026-06-08T08:09:08.561Z
data/plugin_cache/mteam-plugin/covers/1165911.json	2026-06-08T08:33:12.048Z
data/plugin_cache/mteam-plugin/covers/1165991.json	2026-06-08T08:09:08.561Z
data/plugin_cache/mteam-plugin/covers/1166644.json	2026-06-08T08:09:08.561Z
data/plugin_cache/mteam-plugin/covers/1166646.json	2026-06-08T08:09:08.561Z
data/plugin_cache/mteam-plugin/covers/1167209.json	2026-06-08T08:09:08.561Z
data/plugin_cache/mteam-plugin/covers/1167470.json	2026-06-08T08:09:08.561Z
data/plugin_cache/mteam-plugin/covers/1167650.json	2026-06-08T08:33:12.048Z
data/plugin_cache/mteam-plugin/covers/1168151.json	2026-06-08T08:33:12.048Z
data/plugin_cache/mteam-plugin/covers/1168300.json	2026-06-08T08:09:08.561Z
data/plugin_cache/mteam-plugin/covers/1168562.json	2026-06-08T08:09:08.561Z
data/plugin_cache/mteam-plugin/covers/1168631.json	2026-06-08T08:09:08.561Z
data/plugin_cache/mteam-plugin/covers/1168940.json	2026-06-08T08:09:08.561Z
data/plugin_cache/mteam-plugin/covers/1169197.json	2026-06-08T08:09:08.561Z
data/plugin_cache/mteam-plugin/covers/1169469.json	2026-06-08T08:33:12.048Z
data/plugin_cache/mteam-plugin/covers/1169601.json	2026-06-08T08:09:08.561Z
data/plugin_cache/mteam-plugin/covers/1169621.json	2026-06-08T08:33:12.048Z
data/plugin_cache/mteam-plugin/covers/1170128.json	2026-06-08T08:33:12.048Z
data/plugin_cache/mteam-plugin/covers/1170228.json	2026-06-08T08:33:12.048Z
data/plugin_cache/mteam-plugin/covers/1170758.json	2026-06-08T08:33:12.048Z
data/plugin_cache/mteam-plugin/covers/1171270.json	2026-06-08T08:09:08.561Z
data/plugin_cache/mteam-plugin/covers/1171449.json	2026-06-08T08:09:08.561Z
data/plugin_cache/mteam-plugin/covers/1171630.json	2026-06-08T08:09:08.561Z
data/plugin_cache/mteam-plugin/covers/1171641.json	2026-06-08T08:09:08.561Z
data/plugin_cache/mteam-plugin/covers/1171893.json	2026-06-08T08:09:08.561Z
data/plugin_cache/mteam-plugin/covers/1171991.json	2026-06-08T08:09:08.561Z
data/plugin_cache/mteam-plugin/covers/1172058.json	2026-06-08T08:33:12.048Z
data/plugin_cache/mteam-plugin/covers/1172099.json	2026-06-08T08:09:08.561Z
data/plugin_cache/mteam-plugin/covers/1172168.json	2026-06-08T08:09:08.561Z
data/plugin_cache/mteam-plugin/covers/1172170.json	2026-06-08T08:09:08.561Z
data/plugin_cache/mteam-plugin/covers/1172171.json	2026-06-08T08:09:08.561Z
data/plugin_cache/mteam-plugin/covers/1172172.json	2026-06-08T08:09:08.561Z
data/plugin_cache/mteam-plugin/covers/1172173.json	2026-06-08T08:09:08.561Z
data/plugin_cache/mteam-plugin/covers/1172174.json	2026-06-08T08:09:08.561Z
data/plugin_cache/mteam-plugin/covers/1172175.json	2026-06-08T08:09:08.561Z
data/plugin_cache/mteam-plugin/covers/1172379.json	2026-06-08T08:09:08.561Z
data/plugin_cache/mteam-plugin/covers/1172560.json	2026-06-08T08:09:08.561Z
data/plugin_cache/mteam-plugin/covers/1172682.json	2026-06-08T08:09:08.561Z
data/plugin_cache/mteam-plugin/covers/1173568.json	2026-06-08T08:09:08.561Z
data/plugin_cache/mteam-plugin/covers/1173603.json	2026-06-08T08:09:08.561Z
data/plugin_cache/mteam-plugin/covers/1174377.json	2026-06-08T08:33:12.048Z
data/plugin_cache/mteam-plugin/covers/1174482.json	2026-06-08T08:33:12.048Z
data/plugin_cache/mteam-plugin/covers/1174658.json	2026-06-08T08:09:08.561Z
data/plugin_cache/mteam-plugin/covers/1174947.json	2026-06-08T08:33:12.048Z
data/plugin_cache/mteam-plugin/covers/1174959.json	2026-06-08T08:09:08.561Z
data/plugin_cache/mteam-plugin/covers/1174968.json	2026-06-08T08:33:12.048Z
data/plugin_cache/mteam-plugin/covers/1175089.json	2026-06-08T08:09:08.561Z
data/plugin_cache/mteam-plugin/covers/1175169.json	2026-06-08T08:09:08.561Z
data/plugin_cache/mteam-plugin/covers/1175409.json	2026-06-08T08:09:08.561Z
data/plugin_cache/mteam-plugin/covers/1175415.json	2026-06-08T08:33:12.048Z
data/plugin_cache/mteam-plugin/covers/1175432.json	2026-06-08T08:09:08.561Z
data/plugin_cache/mteam-plugin/covers/1175439.json	2026-06-08T08:33:12.048Z
data/plugin_cache/mteam-plugin/covers/1175442.json	2026-06-08T08:33:12.048Z
data/plugin_cache/mteam-plugin/covers/1175507.json	2026-06-08T08:33:12.048Z
data/plugin_cache/mteam-plugin/covers/1175579.json	2026-06-08T08:09:08.561Z
data/plugin_cache/mteam-plugin/covers/1175614.json	2026-06-08T08:09:08.561Z
data/plugin_cache/mteam-plugin/covers/1175689.json	2026-06-08T08:33:12.048Z
data/plugin_cache/mteam-plugin/covers/1175744.json	2026-06-08T08:09:08.561Z
data/plugin_cache/mteam-plugin/covers/1175850.json	2026-06-08T08:33:12.048Z
data/plugin_cache/mteam-plugin/covers/1175884.json	2026-06-08T08:33:12.048Z
data/plugin_cache/mteam-plugin/covers/1175887.json	2026-06-08T08:33:12.048Z
data/plugin_cache/mteam-plugin/covers/1175901.json	2026-06-08T08:33:12.048Z
data/plugin_cache/mteam-plugin/covers/1175902.json	2026-06-08T08:33:12.048Z
data/plugin_cache/mteam-plugin/covers/1175905.json	2026-06-08T08:33:12.048Z
data/plugin_cache/mteam-plugin/covers/1175906.json	2026-06-08T08:09:08.561Z
data/plugin_cache/mteam-plugin/covers/1175908.json	2026-06-08T08:33:12.048Z
data/plugin_cache/mteam-plugin/covers/1175910.json	2026-06-08T08:09:08.561Z
data/plugin_cache/mteam-plugin/covers/1175927.json	2026-06-08T08:33:12.048Z
data/plugin_cache/mteam-plugin/covers/1175928.json	2026-06-08T08:33:12.048Z
data/plugin_cache/mteam-plugin/covers/1175929.json	2026-06-08T08:33:12.048Z
data/plugin_cache/mteam-plugin/covers/1176004.json	2026-06-08T08:33:12.048Z
data/plugin_cache/mteam-plugin/covers/1176011.json	2026-06-08T08:33:12.048Z
data/plugin_cache/mteam-plugin/covers/1176012.json	2026-06-08T08:33:12.048Z
data/plugin_cache/mteam-plugin/covers/1176091.json	2026-06-08T08:33:12.048Z
data/plugin_cache/mteam-plugin/covers/1176170.json	2026-06-08T08:33:12.048Z
data/plugin_cache/mteam-plugin/covers/1176220.json	2026-06-08T08:33:12.048Z
data/plugin_cache/mteam-plugin/covers/1176227.json	2026-06-08T08:33:12.048Z
data/plugin_cache/mteam-plugin/covers/1176430.json	2026-06-08T08:33:12.048Z
data/plugin_cache/mteam-plugin/covers/1176500.json	2026-06-08T08:33:12.048Z
data/plugin_cache/mteam-plugin/covers/1176502.json	2026-06-08T08:33:12.048Z
data/plugin_cache/mteam-plugin/covers/1176582.json	2026-06-08T08:09:08.561Z
data/plugin_cache/mteam-plugin/covers/1176592.json	2026-06-08T08:33:12.048Z
data/plugin_cache/mteam-plugin/covers/1176593.json	2026-06-08T08:33:12.048Z
data/plugin_cache/mteam-plugin/covers/1176610.json	2026-06-08T08:33:12.048Z
data/plugin_cache/mteam-plugin/covers/1176641.json	2026-06-08T08:33:12.048Z
data/plugin_cache/mteam-plugin/covers/1176686.json	2026-06-08T08:33:12.048Z
data/plugin_cache/mteam-plugin/covers/1176811.json	2026-06-08T08:33:12.048Z
data/plugin_cache/mteam-plugin/covers/1176812.json	2026-06-08T08:33:12.048Z
data/plugin_cache/mteam-plugin/covers/1176906.json	2026-06-08T08:33:12.048Z
data/plugin_cache/mteam-plugin/covers/1176963.json	2026-06-08T08:33:12.048Z
data/plugin_cache/mteam-plugin/covers/1177005.json	2026-06-08T08:33:12.048Z
data/plugin_cache/mteam-plugin/covers/1177047.json	2026-06-08T08:33:12.048Z
data/plugin_cache/mteam-plugin/covers/1177271.json	2026-06-08T08:33:12.048Z
data/plugin_cache/mteam-plugin/covers/1177313.json	2026-06-08T08:33:12.048Z
data/plugin_cache/mteam-plugin/covers/1177314.json	2026-06-08T08:33:12.048Z
data/plugin_cache/mteam-plugin/covers/1177331.json	2026-06-08T08:33:12.048Z
data/plugin_cache/mteam-plugin/covers/1177341.json	2026-06-08T08:33:12.048Z
data/plugin_cache/mteam-plugin/covers/1177345.json	2026-06-08T08:33:12.048Z
data/plugin_cache/mteam-plugin/covers/1177367.json	2026-06-08T08:33:12.048Z
data/plugin_cache/mteam-plugin/covers/1177390.json	2026-06-08T08:33:12.048Z
data/plugin_cache/mteam-plugin/covers/1177405.json	2026-06-08T08:33:12.048Z
data/plugin_cache/mteam-plugin/covers/1177412.json	2026-06-08T08:33:12.048Z
data/plugin_cache/mteam-plugin/covers/1177442.json	2026-06-08T08:33:12.048Z
data/plugin_cache/mteam-plugin/covers/1177458.json	2026-06-08T08:33:12.048Z
data/plugin_cache/mteam-plugin/covers/1177582.json	2026-06-08T08:33:12.048Z
data/plugin_cache/mteam-plugin/covers/1177603.json	2026-06-08T08:09:08.561Z
data/plugin_cache/mteam-plugin/covers/1177613.json	2026-06-08T08:33:12.048Z
data/plugin_cache/mteam-plugin/covers/1177648.json	2026-06-08T08:33:12.048Z
data/plugin_cache/mteam-plugin/covers/1177802.json	2026-06-08T08:33:12.048Z
data/plugin_cache/mteam-plugin/covers/1177823.json	2026-06-08T08:33:12.048Z
data/plugin_cache/mteam-plugin/covers/1178042.json	2026-06-08T08:33:12.048Z
data/plugin_cache/mteam-plugin/covers/1178047.json	2026-06-08T08:33:12.048Z
data/plugin_cache/mteam-plugin/covers/1178051.json	2026-06-08T08:33:12.048Z
data/plugin_cache/mteam-plugin/covers/1178149.json	2026-06-08T08:09:08.561Z
data/plugin_cache/mteam-plugin/covers/1178281.json	2026-06-08T08:09:08.561Z
data/plugin_cache/mteam-plugin/covers/1178303.json	2026-06-08T08:33:12.048Z
data/plugin_cache/mteam-plugin/covers/1178323.json	2026-06-08T08:09:08.561Z
data/plugin_cache/mteam-plugin/covers/1178333.json	2026-06-08T08:09:08.561Z
data/plugin_cache/mteam-plugin/covers/1178438.json	2026-06-08T08:33:12.048Z
data/plugin_cache/mteam-plugin/covers/1178447.json	2026-06-08T08:09:08.561Z
data/plugin_cache/mteam-plugin/covers/1178463.json	2026-06-08T08:09:08.561Z
data/plugin_cache/mteam-plugin/covers/1178526.json	2026-06-08T08:09:08.561Z
data/plugin_cache/mteam-plugin/covers/1178574.json	2026-06-08T08:09:08.561Z
data/plugin_cache/mteam-plugin/covers/1178604.json	2026-06-08T08:33:12.048Z
data/plugin_cache/mteam-plugin/covers/1178614.json	2026-06-08T08:09:08.561Z
data/plugin_cache/mteam-plugin/covers/1178625.json	2026-06-08T08:33:12.048Z
data/plugin_cache/mteam-plugin/covers/1178671.json	2026-06-08T08:09:08.561Z
data/plugin_cache/mteam-plugin/covers/1179064.json	2026-06-08T08:33:12.048Z
data/plugin_cache/mteam-plugin/covers/1179087.json	2026-06-08T08:33:12.048Z
data/plugin_cache/mteam-plugin/covers/1179173.json	2026-06-08T08:33:12.048Z
data/plugin_cache/mteam-plugin/covers/1179183.json	2026-06-08T08:33:12.048Z
data/plugin_cache/mteam-plugin/covers/1179221.json	2026-06-08T08:33:12.048Z
data/plugin_cache/mteam-plugin/covers/1179222.json	2026-06-08T08:33:12.048Z
data/plugin_cache/mteam-plugin/covers/1179236.json	2026-06-08T08:33:12.048Z
data/plugin_cache/mteam-plugin/covers/1179242.json	2026-06-08T08:09:08.561Z
data/plugin_cache/mteam-plugin/covers/1179312.json	2026-06-08T08:33:12.048Z
data/plugin_cache/mteam-plugin/covers/1179324.json	2026-06-08T08:33:12.048Z
data/plugin_cache/mteam-plugin/covers/1179375.json	2026-06-08T08:33:12.048Z
data/plugin_cache/mteam-plugin/covers/1179444.json	2026-06-08T08:33:12.048Z
data/plugin_cache/mteam-plugin/covers/1179455.json	2026-06-08T08:33:12.048Z
data/plugin_cache/mteam-plugin/covers/1179484.json	2026-06-08T08:33:12.048Z
data/plugin_cache/mteam-plugin/covers/1179527.json	2026-06-08T08:33:12.048Z
data/plugin_cache/mteam-plugin/covers/1179609.json	2026-06-08T08:09:08.561Z
data/plugin_cache/mteam-plugin/covers/1179693.json	2026-06-08T08:33:12.048Z
data/plugin_cache/mteam-plugin/covers/1179702.json	2026-06-08T08:33:12.048Z
data/plugin_cache/mteam-plugin/covers/1179703.json	2026-06-08T08:33:12.048Z
data/plugin_cache/mteam-plugin/covers/1179706.json	2026-06-08T08:33:12.048Z
data/plugin_cache/mteam-plugin/covers/1179712.json	2026-06-08T08:33:12.048Z
data/plugin_cache/mteam-plugin/covers/1179719.json	2026-06-08T08:33:12.048Z
data/plugin_cache/mteam-plugin/covers/1179733.json	2026-06-08T08:33:12.048Z
data/plugin_cache/mteam-plugin/covers/1179853.json	2026-06-08T08:09:08.561Z
data/plugin_cache/mteam-plugin/covers/1179872.json	2026-06-08T08:33:12.048Z
data/plugin_cache/mteam-plugin/covers/1179974.json	2026-06-08T08:09:08.561Z
data/plugin_cache/mteam-plugin/covers/1180173.json	2026-06-08T08:33:12.048Z
data/plugin_cache/mteam-plugin/covers/1180378.json	2026-06-08T08:33:12.048Z
data/plugin_cache/mteam-plugin/covers/1180380.json	2026-06-08T08:09:08.561Z
data/plugin_cache/mteam-plugin/covers/1180455.json	2026-06-08T08:33:12.048Z
data/plugin_cache/mteam-plugin/covers/1180513.json	2026-06-08T08:33:12.048Z
data/plugin_cache/mteam-plugin/covers/1180696.json	2026-06-08T08:09:08.561Z
data/plugin_cache/mteam-plugin/covers/1180806.json	2026-06-08T08:33:12.048Z
data/plugin_cache/mteam-plugin/covers/1180911.json	2026-06-08T08:33:12.048Z
data/plugin_cache/mteam-plugin/covers/1180917.json	2026-06-08T08:33:12.048Z
data/plugin_cache/mteam-plugin/covers/1181124.json	2026-06-08T08:33:12.048Z
data/plugin_cache/mteam-plugin/covers/1181129.json	2026-06-08T08:33:12.048Z
data/plugin_cache/mteam-plugin/covers/1181152.json	2026-06-08T08:33:12.048Z
data/plugin_cache/mteam-plugin/covers/1181172.json	2026-06-08T08:09:08.561Z
data/plugin_cache/mteam-plugin/covers/1181405.json	2026-06-08T08:09:08.561Z
data/plugin_cache/mteam-plugin/covers/1181664.json	2026-06-08T08:09:08.561Z
data/plugin_cache/mteam-plugin/covers/1181691.json	2026-06-08T08:09:08.561Z
data/plugin_cache/mteam-plugin/covers/1181706.json	2026-06-08T08:09:08.561Z
data/plugin_cache/mteam-plugin/covers/1181726.json	2026-06-08T08:09:08.561Z
data/plugin_cache/mteam-plugin/covers/1181734.json	2026-06-08T08:09:08.561Z
data/plugin_cache/mteam-plugin/covers/1181737.json	2026-06-08T08:09:08.561Z
data/plugin_cache/mteam-plugin/covers/1181785.json	2026-06-08T08:09:08.561Z
data/plugin_cache/mteam-plugin/covers/1181833.json	2026-06-08T08:09:08.561Z
data/plugin_cache/mteam-plugin/covers/1181849.json	2026-06-08T08:09:08.561Z
data/plugin_cache/mteam-plugin/covers/1181883.json	2026-06-08T08:09:08.561Z
data/plugin_cache/mteam-plugin/covers/1181916.json	2026-06-08T08:09:08.561Z
data/plugin_cache/mteam-plugin/covers/1181924.json	2026-06-08T08:09:08.561Z
data/plugin_cache/mteam-plugin/covers/1182008.json	2026-06-08T08:09:08.561Z
data/plugin_cache/mteam-plugin/covers/1182083.json	2026-06-08T08:09:08.561Z
data/plugin_cache/mteam-plugin/covers/1182096.json	2026-06-08T08:09:08.561Z
data/plugin_cache/mteam-plugin/covers/1182141.json	2026-06-08T08:09:08.561Z
data/plugin_cache/mteam-plugin/covers/1182143.json	2026-06-08T08:09:08.561Z
data/plugin_cache/mteam-plugin/covers/1182149.json	2026-06-08T08:09:08.561Z
data/plugin_cache/mteam-plugin/covers/1182166.json	2026-06-08T08:09:08.561Z
data/plugin_cache/mteam-plugin/covers/1182259.json	2026-06-08T08:09:08.561Z
data/plugin_cache/mteam-plugin/covers/1182493.json	2026-06-08T08:09:08.561Z
data/plugin_cache/mteam-plugin/covers/1182543.json	2026-06-08T08:09:08.561Z
data/plugin_cache/mteam-plugin/covers/1182545.json	2026-06-08T08:09:08.561Z
data/plugin_cache/mteam-plugin/covers/1182555.json	2026-06-08T08:09:08.561Z
data/plugin_cache/mteam-plugin/covers/1182559.json	2026-06-08T08:09:08.561Z
data/plugin_cache/mteam-plugin/covers/1182560.json	2026-06-08T08:09:08.561Z
data/plugin_cache/mteam-plugin/covers/1182564.json	2026-06-08T08:09:08.561Z
data/plugin_cache/mteam-plugin/covers/1182575.json	2026-06-08T08:09:08.561Z
data/plugin_cache/mteam-plugin/covers/1182581.json	2026-06-08T08:09:08.561Z
data/plugin_cache/mteam-plugin/covers/1182595.json	2026-06-08T08:09:08.561Z
data/plugin_cache/mteam-plugin/covers/1182598.json	2026-06-08T08:09:08.561Z
data/plugin_cache/mteam-plugin/covers/1182601.json	2026-06-08T08:09:08.561Z
data/plugin_cache/mteam-plugin/covers/1182604.json	2026-06-08T08:09:08.561Z
data/plugin_cache/mteam-plugin/covers/1182670.json	2026-06-08T08:09:08.561Z
data/plugin_cache/mteam-plugin/covers/1182673.json	2026-06-08T08:09:08.561Z
data/plugin_cache/mteam-plugin/covers/1182678.json	2026-06-08T08:09:08.561Z
data/plugin_cache/mteam-plugin/covers/1182679.json	2026-06-08T08:09:08.561Z
data/plugin_cache/mteam-plugin/covers/1182683.json	2026-06-08T08:09:08.561Z
data/plugin_cache/mteam-plugin/covers/1182688.json	2026-06-08T08:09:08.561Z
data/plugin_cache/mteam-plugin/covers/1182691.json	2026-06-08T08:09:08.561Z
data/plugin_cache/mteam-plugin/covers/1182700.json	2026-06-08T08:09:08.561Z
data/plugin_cache/mteam-plugin/covers/1182711.json	2026-06-08T08:09:08.561Z
data/plugin_cache/mteam-plugin/covers/1182714.json	2026-06-08T08:09:08.561Z
data/plugin_cache/mteam-plugin/covers/1182892.json	2026-06-08T08:09:08.561Z
data/plugin_cache/mteam-plugin/covers/1182927.json	2026-06-08T08:09:08.561Z
data/plugin_cache/mteam-plugin/covers/1182985.json	2026-06-08T08:09:08.561Z
data/plugin_cache/mteam-plugin/covers/1182987.json	2026-06-08T08:09:08.561Z
data/plugin_cache/mteam-plugin/covers/1183113.json	2026-06-08T08:09:08.561Z
data/plugin_cache/mteam-plugin/covers/1183118.json	2026-06-08T08:09:08.561Z
data/plugin_cache/mteam-plugin/covers/1183119.json	2026-06-08T08:09:08.561Z
data/plugin_cache/mteam-plugin/covers/1183120.json	2026-06-08T08:09:08.561Z
data/plugin_cache/mteam-plugin/covers/1183130.json	2026-06-08T08:09:08.561Z
data/plugin_cache/mteam-plugin/covers/1183141.json	2026-06-08T08:09:08.561Z
data/plugin_cache/mteam-plugin/covers/1183155.json	2026-06-08T08:09:08.561Z
data/plugin_cache/mteam-plugin/covers/1183156.json	2026-06-08T08:09:08.561Z
data/plugin_cache/mteam-plugin/covers/1183159.json	2026-06-08T08:09:08.561Z
data/plugin_cache/mteam-plugin/covers/1183167.json	2026-06-08T08:09:08.561Z
data/plugin_cache/mteam-plugin/covers/1183168.json	2026-06-08T08:09:08.561Z
data/plugin_cache/mteam-plugin/covers/1183182.json	2026-06-08T08:09:08.561Z
data/plugin_cache/mteam-plugin/covers/1183184.json	2026-06-08T08:09:08.561Z
data/plugin_cache/mteam-plugin/covers/1183260.json	2026-06-08T08:09:08.561Z
data/plugin_cache/mteam-plugin/covers/1183282.json	2026-06-08T08:09:08.561Z
data/plugin_cache/mteam-plugin/covers/1183467.json	2026-06-08T08:09:08.561Z
data/plugin_cache/mteam-plugin/covers/1183474.json	2026-06-08T08:09:08.561Z
data/plugin_cache/mteam-plugin/covers/1183483.json	2026-06-08T08:09:08.561Z
data/plugin_cache/mteam-plugin/covers/1183495.json	2026-06-08T08:09:08.561Z
data/plugin_cache/mteam-plugin/covers/1183499.json	2026-06-08T08:09:08.561Z
data/plugin_cache/mteam-plugin/covers/1183501.json	2026-06-08T08:09:08.561Z
data/plugin_cache/mteam-plugin/covers/1183508.json	2026-06-08T08:09:08.561Z
data/plugin_cache/mteam-plugin/covers/1183509.json	2026-06-08T08:09:08.561Z
data/plugin_cache/mteam-plugin/covers/1183523.json	2026-06-08T08:09:08.561Z
data/plugin_cache/mteam-plugin/covers/1183536.json	2026-06-08T08:09:08.561Z
data/plugin_cache/mteam-plugin/covers/1183621.json	2026-06-08T08:09:08.561Z
data/plugin_cache/mteam-plugin/covers/1183633.json	2026-06-08T08:09:08.561Z
data/plugin_cache/mteam-plugin/covers/1183635.json	2026-06-08T08:09:08.561Z
data/plugin_cache/mteam-plugin/covers/1183755.json	2026-06-08T08:09:08.561Z
data/plugin_cache/mteam-plugin/covers/1183794.json	2026-06-08T08:09:08.561Z
data/plugin_cache/mteam-plugin/covers/1183985.json	2026-06-08T08:09:08.561Z
data/plugin_cache/mteam-plugin/covers/1183997.json	2026-06-08T08:09:08.561Z
data/plugin_cache/mteam-plugin/covers/1184006.json	2026-06-08T08:09:08.561Z
data/plugin_cache/mteam-plugin/covers/1184220.json	2026-06-08T08:09:08.561Z
data/plugin_cache/mteam-plugin/covers/1184316.json	2026-06-08T08:09:08.561Z
data/plugin_cache/mteam-plugin/covers/1184717.json	2026-06-08T08:09:08.561Z
data/plugin_cache/mteam-plugin/covers/1184750.json	2026-06-08T08:09:08.561Z
data/plugin_cache/mteam-plugin/covers/1184898.json	2026-06-08T08:09:08.561Z
data/plugin_cache/mteam-plugin/covers/1184939.json	2026-06-08T08:09:08.561Z
data/plugin_cache/mteam-plugin/covers/1184952.json	2026-06-08T08:09:08.561Z
data/plugin_cache/mteam-plugin/covers/1184973.json	2026-06-08T08:09:08.561Z
data/plugin_cache/mteam-plugin/covers/1184993.json	2026-06-08T08:09:08.561Z
data/plugin_cache/mteam-plugin/covers/1184995.json	2026-06-08T08:09:08.561Z
data/plugin_cache/mteam-plugin/covers/1184996.json	2026-06-08T08:09:08.561Z
data/plugin_cache/mteam-plugin/covers/1185008.json	2026-06-08T08:09:08.561Z
data/plugin_cache/mteam-plugin/covers/1185010.json	2026-06-08T08:09:08.561Z
data/plugin_cache/mteam-plugin/covers/1185013.json	2026-06-08T08:09:08.561Z
data/plugin_cache/mteam-plugin/covers/1185016.json	2026-06-08T08:09:08.561Z
data/plugin_cache/mteam-plugin/covers/1185017.json	2026-06-08T08:09:08.561Z
data/plugin_cache/mteam-plugin/covers/1185022.json	2026-06-08T08:09:08.561Z
data/plugin_cache/mteam-plugin/covers/1185166.json	2026-06-08T08:09:08.561Z
data/plugin_cache/mteam-plugin/covers/1185213.json	2026-06-08T08:09:08.561Z
data/plugin_cache/mteam-plugin/covers/1185214.json	2026-06-08T08:09:08.561Z
data/plugin_cache/mteam-plugin/covers/1185339.json	2026-06-08T08:09:08.561Z
data/plugin_cache/mteam-plugin/covers/1185352.json	2026-06-08T08:09:08.561Z
data/plugin_cache/mteam-plugin/covers/1185353.json	2026-06-08T08:09:08.561Z
data/plugin_cache/mteam-plugin/covers/1185354.json	2026-06-08T08:09:08.561Z
data/plugin_cache/mteam-plugin/covers/1185355.json	2026-06-08T08:09:08.561Z
data/plugin_cache/mteam-plugin/covers/1185485.json	2026-06-08T08:09:08.561Z
data/plugin_cache/mteam-plugin/covers/1185487.json	2026-06-08T08:09:08.561Z
data/plugin_cache/mteam-plugin/covers/1185488.json	2026-06-08T08:09:08.561Z
data/plugin_cache/mteam-plugin/covers/1185490.json	2026-06-08T08:09:08.561Z
data/plugin_cache/mteam-plugin/covers/1185583.json	2026-06-08T08:09:08.561Z
data/plugin_cache/mteam-plugin/covers/1185608.json	2026-06-08T08:09:08.561Z
data/plugin_cache/mteam-plugin/covers/1185621.json	2026-06-08T08:09:08.561Z
data/plugin_cache/mteam-plugin/covers/1185622.json	2026-06-08T08:09:08.561Z
data/plugin_cache/mteam-plugin/covers/1185636.json	2026-06-08T08:09:08.561Z
data/plugin_cache/mteam-plugin/covers/1185644.json	2026-06-08T08:09:08.561Z
data/plugin_cache/mteam-plugin/covers/1185646.json	2026-06-08T08:09:08.561Z
data/plugin_cache/mteam-plugin/covers/1185647.json	2026-06-08T08:09:08.561Z
data/plugin_cache/mteam-plugin/covers/1185648.json	2026-06-08T08:09:08.561Z
data/plugin_cache/mteam-plugin/covers/1185660.json	2026-06-08T08:09:08.561Z
data/plugin_cache/mteam-plugin/covers/1185671.json	2026-06-08T08:09:08.561Z
data/plugin_cache/mteam-plugin/covers/1185672.json	2026-06-08T08:09:08.561Z
data/plugin_cache/mteam-plugin/covers/1185673.json	2026-06-08T08:09:08.561Z
data/plugin_cache/mteam-plugin/covers/1185674.json	2026-06-08T08:09:08.561Z
data/plugin_cache/mteam-plugin/covers/1185679.json	2026-06-08T08:09:08.561Z
data/plugin_cache/mteam-plugin/covers/1185690.json	2026-06-08T08:09:08.561Z
data/plugin_cache/mteam-plugin/covers/1185699.json	2026-06-08T08:09:08.561Z
data/plugin_cache/mteam-plugin/covers/1185776.json	2026-06-08T08:09:08.561Z
data/plugin_cache/mteam-plugin/covers/1185777.json	2026-06-08T08:09:08.561Z
data/plugin_cache/mteam-plugin/covers/1185778.json	2026-06-08T08:09:08.561Z
data/plugin_cache/mteam-plugin/covers/1185779.json	2026-06-08T08:09:08.561Z
data/plugin_cache/mteam-plugin/covers/1185806.json	2026-06-08T08:09:08.561Z
data/plugin_cache/mteam-plugin/covers/1185884.json	2026-06-08T08:09:08.561Z
data/plugin_cache/mteam-plugin/covers/1185913.json	2026-06-08T08:09:08.561Z
data/plugin_cache/mteam-plugin/covers/1185917.json	2026-06-08T08:09:08.561Z
data/plugin_cache/mteam-plugin/covers/1185920.json	2026-06-08T08:09:08.561Z
data/plugin_cache/mteam-plugin/covers/1185924.json	2026-06-08T08:09:08.561Z
data/plugin_cache/mteam-plugin/covers/1186030.json	2026-06-08T08:09:08.561Z
data/plugin_cache/mteam-plugin/covers/1186052.json	2026-06-08T08:09:08.561Z
data/plugin_cache/mteam-plugin/covers/1186147.json	2026-06-08T08:09:08.561Z
data/plugin_cache/mteam-plugin/covers/1186248.json	2026-06-08T08:09:08.561Z
data/plugin_cache/mteam-plugin/covers/1186249.json	2026-06-08T08:09:08.561Z
data/plugin_cache/mteam-plugin/covers/1186250.json	2026-06-08T08:09:08.561Z
data/plugin_cache/mteam-plugin/covers/1186251.json	2026-06-08T08:09:08.561Z
data/plugin_cache/mteam-plugin/covers/1186254.json	2026-06-08T08:09:08.561Z
data/plugin_cache/mteam-plugin/covers/1186413.json	2026-06-08T08:09:08.561Z
data/plugin_cache/mteam-plugin/covers/1186424.json	2026-06-08T08:09:08.561Z
data/plugin_cache/mteam-plugin/covers/1186427.json	2026-06-08T08:09:08.561Z
data/plugin_cache/mteam-plugin/covers/1186429.json	2026-06-08T08:09:08.561Z
data/plugin_cache/mteam-plugin/covers/1186430.json	2026-06-08T08:09:08.561Z
data/plugin_cache/mteam-plugin/covers/1186431.json	2026-06-08T08:09:08.561Z
data/plugin_cache/mteam-plugin/covers/1186448.json	2026-06-08T08:09:08.561Z
data/plugin_cache/mteam-plugin/covers/1186460.json	2026-06-08T08:09:08.561Z
data/plugin_cache/mteam-plugin/covers/1186604.json	2026-06-08T08:09:08.561Z
data/plugin_cache/mteam-plugin/covers/1186623.json	2026-06-08T08:09:08.561Z
data/plugin_cache/mteam-plugin/covers/1186625.json	2026-06-08T08:09:08.561Z
data/plugin_cache/mteam-plugin/covers/1186629.json	2026-06-08T08:09:08.561Z
data/plugin_cache/mteam-plugin/covers/1186636.json	2026-06-08T08:09:08.561Z
data/plugin_cache/mteam-plugin/covers/1186698.json	2026-06-08T08:09:08.561Z
data/plugin_cache/mteam-plugin/covers/1186778.json	2026-06-08T08:09:08.561Z
data/plugin_cache/mteam-plugin/covers/1186781.json	2026-06-08T08:09:08.561Z
data/plugin_cache/mteam-plugin/covers/1186783.json	2026-06-08T08:09:08.561Z
data/plugin_cache/mteam-plugin/covers/1186784.json	2026-06-08T08:09:08.561Z
data/plugin_cache/mteam-plugin/covers/1186933.json	2026-06-08T08:09:08.561Z
data/plugin_cache/mteam-plugin/covers/1186941.json	2026-06-08T08:09:08.561Z
data/plugin_cache/mteam-plugin/covers/1186987.json	2026-06-08T08:09:08.561Z
data/plugin_cache/mteam-plugin/covers/1187037.json	2026-06-08T08:09:08.561Z
data/plugin_cache/mteam-plugin/covers/1187038.json	2026-06-08T08:09:08.561Z
data/plugin_cache/mteam-plugin/covers/1187041.json	2026-06-08T08:09:08.561Z
data/plugin_cache/mteam-plugin/covers/1187247.json	2026-06-08T08:09:08.561Z
data/plugin_cache/mteam-plugin/covers/1187249.json	2026-06-08T08:09:08.561Z
data/plugin_cache/mteam-plugin/covers/1187290.json	2026-06-08T08:09:08.561Z
data/plugin_cache/mteam-plugin/covers/1187341.json	2026-06-08T08:09:08.561Z
data/plugin_cache/mteam-plugin/covers/1187415.json	2026-06-08T08:09:08.561Z
data/plugin_cache/mteam-plugin/covers/1187539.json	2026-06-08T08:09:08.561Z
data/plugin_cache/mteam-plugin/covers/1187540.json	2026-06-08T08:09:08.561Z
data/plugin_cache/mteam-plugin/covers/1187542.json	2026-06-08T08:09:08.561Z
data/plugin_cache/mteam-plugin/covers/1187556.json	2026-06-08T08:09:08.561Z
data/plugin_cache/mteam-plugin/covers/1187559.json	2026-06-08T08:09:08.561Z
data/plugin_cache/mteam-plugin/covers/1187562.json	2026-06-08T08:09:08.561Z
data/plugin_cache/mteam-plugin/covers/1187563.json	2026-06-08T08:09:08.561Z
data/plugin_cache/mteam-plugin/covers/1187574.json	2026-06-08T08:09:08.561Z
data/plugin_cache/mteam-plugin/covers/1187584.json	2026-06-08T08:09:08.561Z
data/plugin_cache/mteam-plugin/covers/1187612.json	2026-06-08T08:09:08.561Z
data/plugin_cache/mteam-plugin/covers/1187779.json	2026-06-08T08:09:08.561Z
data/plugin_cache/mteam-plugin/covers/1187785.json	2026-06-08T08:09:08.561Z
data/plugin_cache/mteam-plugin/covers/1187786.json	2026-06-08T08:09:08.561Z
data/plugin_cache/mteam-plugin/covers/1187828.json	2026-06-08T08:09:08.561Z
data/plugin_cache/mteam-plugin/covers/1187836.json	2026-06-08T08:09:08.561Z
data/plugin_cache/mteam-plugin/covers/1187906.json	2026-06-08T08:09:08.561Z
data/plugin_cache/mteam-plugin/covers/1187965.json	2026-06-08T08:09:08.561Z
data/plugin_cache/mteam-plugin/covers/1187998.json	2026-06-08T08:09:08.561Z
data/plugin_cache/mteam-plugin/covers/1188038.json	2026-06-08T08:09:08.561Z
data/plugin_cache/mteam-plugin/covers/1188246.json	2026-06-08T08:09:08.561Z
data/plugin_cache/mteam-plugin/covers/1188268.json	2026-06-08T08:09:08.561Z
data/plugin_cache/mteam-plugin/covers/1188283.json	2026-06-08T08:09:08.561Z
data/plugin_cache/mteam-plugin/covers/1188312.json	2026-06-08T08:09:08.561Z
data/plugin_cache/mteam-plugin/covers/1188445.json	2026-06-08T08:09:08.561Z
data/plugin_cache/mteam-plugin/covers/1188486.json	2026-06-08T08:09:08.561Z
data/plugin_cache/mteam-plugin/covers/1188490.json	2026-06-08T08:09:08.561Z
data/plugin_cache/mteam-plugin/covers/1188555.json	2026-06-08T08:09:08.561Z
data/plugin_cache/mteam-plugin/covers/1188592.json	2026-06-08T08:09:08.561Z
data/plugin_cache/mteam-plugin/covers/1188598.json	2026-06-08T08:09:08.561Z
data/plugin_cache/mteam-plugin/covers/1188599.json	2026-06-08T08:09:08.561Z
data/plugin_cache/mteam-plugin/covers/1188603.json	2026-06-08T08:09:08.561Z
data/plugin_cache/mteam-plugin/covers/1188617.json	2026-06-08T08:09:08.561Z
data/plugin_cache/mteam-plugin/covers/1188622.json	2026-06-08T08:09:08.561Z
data/plugin_cache/mteam-plugin/covers/1188708.json	2026-06-08T08:09:08.561Z
data/plugin_cache/mteam-plugin/covers/1188715.json	2026-06-08T08:09:08.561Z
data/plugin_cache/mteam-plugin/covers/1188783.json	2026-06-08T08:09:08.561Z
data/plugin_cache/mteam-plugin/covers/1188903.json	2026-06-08T08:09:08.561Z
data/plugin_cache/mteam-plugin/covers/1189060.json	2026-06-08T08:09:08.561Z
data/plugin_cache/mteam-plugin/covers/767128.json	2026-06-08T08:33:12.048Z
data/plugin_cache/mteam-plugin/co…19639 tokens truncated…6f44c31b2fc7547e21e5a493dea0c8dde92b5b2f.json	2026-06-07T17:58:20.815Z
data/plugin_cache/mteam-plugin/images/0028d75afa0b5d27e76548261cf7a87a19494bcae1bdd12398e67f4675f4e4da.json	2026-06-08T08:33:12.048Z
data/plugin_cache/mteam-plugin/images/0079f247aaafd4c77ec7c322cb9d4cc9d20fb763189835a2296286c3bcde90d5.json	2026-06-08T08:33:12.048Z
data/plugin_cache/mteam-plugin/images/0079f247aaafd4c77ec7c322cb9d4cc9d20fb763189835a22…11044 tokens truncated…c8d42e1cb6167e572927e4c273c68d8168aff86ee2.json	2026-06-20T08:22:44.355Z
data/plugin_cache/mteam-plugin/images/01997ee6637e572f54d287195b494c14ce6b0a670c030f047643e9284f9667a8.json	2026-06-08T08:33:12.048Z
data/plugin_cache/mteam-plugin/images/01ae217cba9237acb5c06cb3deac0caf1c2106f72994e3940ceb05d5b2b239c5.json	2026-06-08T08:09:08.561Z
data/plugin_cache/mteam-plugin/images/031cde695eb2a1f4432b1c42b4742b431bdb80df98a3c948505338b15efa645d.json	2026-06-08T08:33:12.048Z
data/plugin_cache/mteam-plugin/images/03ed8da156abccafb8f3515d6be31da9829954f99c2de7fe1e1554e3d871e8c2.json	2026-06-08T08:33:12.048Z
data/plugin_cache/mteam-plugin/images/06171541eb0be8928c8eb39dd085397f83fb0e404b8fbdeb870b9d70e9b05dec.json	2026-06-08T08:33:12.048Z
data/plugin_cache/mteam-plugin/images/08006d7c423d6013b61e21075e5db19fd9a37df24218869f943156e4d719038b.json	2026-06-08T08:33:12.048Z
data/plugin_cache/mteam-plugin/images/08027de7eab32d7ca05823af3246661d47652aea36954ea79fc470ef77ec5d92.json	2026-06-08T08:33:12.048Z
data/plugin_cache/mteam-plugin/images/08573aa080ceae48f5363d82617274b9e575439740335e8bc37c0d4ee7af8282.json	2026-06-08T08:33:12.048Z
data/plugin_cache/mteam-plugin/images/08fccfbb6450d07fa29b598602c5861c6f91572fc5e65087f4c96b9df79940f9.json	2026-06-08T08:33:12.048Z
data/plugin_cache/mteam-plugin/images/0a60b9563d6abd9fa3e93fb39d2a9947cee2f4560eadc3eb8fa3d9c75ec9b0ad.json	2026-06-08T08:33:12.048Z
data/plugin_cache/mteam-plugin/images/0a8dea173cdb3d6281c0e34a2743fe3ad716a3d5fb29498c3fcac65310f32299.json	2026-06-08T08:33:12.048Z
data/plugin_cache/mteam-plugin/images/0bc1a82b021e8f39ec5fe87b8d86c63f7b7dc24601790cc340055f12ccab7651.json	2026-06-08T08:33:12.048Z
data/plugin_cache/mteam-plugin/images/0c60886d425375a3327aec35fddb783afd4d64f2a62b672bbc50441664cd7209.json	2026-06-08T08:33:12.048Z
data/plugin_cache/mteam-plugin/images/0ec1bbca7f036260c8eb4bf3d7132fa814dffc8cdd4a656cc474df71d951a9dd.json	2026-06-08T08:33:12.048Z
data/plugin_cache/mteam-plugin/images/113afcc8d227d9cdd3b11a2d498d436408bdbabfcdf904098c1b49d298950a52.json	2026-06-08T08:33:12.048Z
data/plugin_cache/mteam-plugin/images/1256ccfd9b3f35a88a56bd6da49e501995036e039ce64a43d2e3344f674c1297.json	2026-06-08T08:33:12.048Z
data/plugin_cache/mteam-plugin/images/134858ee33dc7000d7f0e697a7ac2691421825b93588d381c318d01c44dcd6cd.json	2026-06-08T08:33:12.048Z
data/plugin_cache/mteam-plugin/images/1374579548308055e3b1ba4a82bbfd529d243e8a45d49dbeb1162f7ec80f3a99.json	2026-06-08T08:33:12.048Z
data/plugin_cache/mteam-plugin/images/167e27bc5061970c33dc8df23d663a8693d6a377528cddf7d94cbeb4a685cb79.json	2026-06-08T08:33:12.048Z
data/plugin_cache/mteam-plugin/images/16f64e9f51a432c2fc155c2efb8a08d3b88c95a688056f28e45ed3ee9126570e.json	2026-06-08T08:33:12.048Z
data/plugin_cache/mteam-plugin/images/173d33f0c0bc998da7b242147aa7348975cf9f759f060233316c1f68035225e7.json	2026-06-08T08:33:12.048Z
data/plugin_cache/mteam-plugin/images/18e524eb5bdbb57950654abc76017bbd697afd8c80df0e258535c42674c41680.json	2026-06-08T08:33:12.048Z
data/plugin_cache/mteam-plugin/images/1a2f3e55fb886f8e2feb51452caee65a203d2410b370ada62c0a46a53196c5d2.json	2026-06-08T08:33:12.048Z
data/plugin_cache/mteam-plugin/images/1d0bb32a3a104460e042c7690dd79492feaaf1844ed81725c5280d391461cdbf.json	2026-06-08T08:33:12.048Z
data/plugin_cache/mteam-plugin/images/1d90e0b5cbc279064d8a2f1b8ef708dce09d311f5c850c867ee0fd3f0f3976d6.json	2026-06-08T08:09:08.561Z
data/plugin_cache/mteam-plugin/images/1f0711992c5bf1f9494827c8d42e1cb6167e572927e4c273c68d8168aff86ee2.json	2026-06-08T08:33:12.048Z
data/plugin_cache/mteam-plugin/images/1f2d13fee9390b409fe836d2e5c3234791fb9d2b436b10f1d9ef123ebae9a882.json	2026-06-08T08:33:12.048Z
data/plugin_cache/mteam-plugin/images/2069fada594f08c6f103c8a04df914e7cebba2285498a8cfc666d9f3b67c4c38.json	2026-06-08T08:33:12.048Z
data/plugin_cache/mteam-plugin/images/20cf0e16909f2c9e7e37d7155773b796b6a406966f6d1519c289c5331770d6de.json	2026-06-08T08:33:12.048Z
data/plugin_cache/mteam-plugin/images/2259bbcf36d69cc206c502221211c1ef11e7726834f8406d830fac7c50c4367f.json	2026-06-08T08:33:12.048Z
data/plugin_cache/mteam-plugin/images/235998fed99222add4084e389fd360571bcb6894084d40ddf5cf665eef12310c.json	2026-06-08T08:33:12.048Z
data/plugin_cache/mteam-plugin/images/2463111fa14f39ec441c4f566c6dfc4ca840d68cb5a2a7132e6ee217d4c1223a.json	2026-06-08T08:33:12.048Z
data/plugin_cache/mteam-plugin/images/266248708a14df5a7ab2284ee1d340fbe7215880ab1e6283ad5a20b92424cfb5.json	2026-06-08T08:33:12.048Z
data/plugin_cache/mteam-plugin/images/27bc7b64c43d057b0b1757f375d5156fd77c7b0859571cfc06649d75385cd41c.json	2026-06-08T08:33:12.048Z
data/plugin_cache/mteam-plugin/images/2868ad05d8979d8016a174a16755879d57459d3b778290fcf984b11b079a5f2d.json	2026-06-08T08:33:12.048Z
data/plugin_cache/mteam-plugin/images/28f525f6097622df40a74afb0d895c1572d69c54a0d94cfc345ec648bcc35dbb.json	2026-06-08T08:33:12.048Z
data/plugin_cache/mteam-plugin/images/292b9688d934787929944d47ff51aaef78d4570d8a26113ac55b6260035b8050.json	2026-06-08T08:33:12.048Z
data/plugin_cache/mteam-plugin/images/2a1d4933b9b99d54f0da7c65777d024f09d9bb06ddfa1b52635ae3e76c7f1aa1.json	2026-06-08T08:33:12.048Z
data/plugin_cache/mteam-plugin/images/2ae2166f3feb501f08cbdbc1edc5c62d900ae64d45a455f2d38d6600b177490c.json	2026-06-08T08:09:08.561Z
data/plugin_cache/mteam-plugin/images/2b4f7fd237efa94aa73b7d0806e08d6844944bd2197c89afb913bab7e01cbf88.json	2026-06-08T08:33:12.048Z
data/plugin_cache/mteam-plugin/images/2d88a49590bdd09f22aa866e0203fff8c877bc9fba0eb7c6a6e00bdb7283d6f1.json	2026-06-08T08:33:12.048Z
data/plugin_cache/mteam-plugin/images/2f1aa944e6cd1bef2f8629219ef8b42b5f7f14ed87397b513b8e90bb9fd802bc.json	2026-06-08T08:33:12.048Z
data/plugin_cache/mteam-plugin/images/2f2814745ff57bbb11a3b4e6a4ff579f7d56a7daee8fa0b910ddccc5b6f2a18d.json	2026-06-08T08:33:12.048Z
data/plugin_cache/mteam-plugin/images/2f32565ffd433e9b4b8fb19e019ec12a8577859a1c80155860c63e755b28538e.json	2026-06-08T08:33:12.048Z
data/plugin_cache/mteam-plugin/images/2f4f5d350857b3ef5ae990678016f70bb387415777b766faa59c0bf1d0c21512.json	2026-06-08T08:33:12.048Z
data/plugin_cache/mteam-plugin/images/301fc7369904a1cdf2541c055830c0a60e2eb10e69577306d4bc6d997c92ff0d.json	2026-06-08T08:33:12.048Z
data/plugin_cache/mteam-plugin/images/3037752fd109d980ba20bd6c872d4befe50d184aaff3e66a03596ffad9311705.json	2026-06-09T16:40:05.112Z
data/plugin_cache/mteam-plugin/images/308e8c4c67c1e5cc9f730cc6b6674e5ab25f34747cdd6b3961cbbf496c60b8d2.json	2026-06-09T16:40:05.112Z
data/plugin_cache/mteam-plugin/images/30bdd20d7b386c82e7d194a7cdba311abd0cfe3f631c5aec8159487e3ac23dbb.json	2026-06-09T16:40:05.112Z
data/plugin_cache/mteam-plugin/images/30e3a913116954e4f3f527e559f72131cfaedd8dab87fd6bdd16120e7671f29a.json	2026-06-09T16:40:05.112Z
data/plugin_cache/mteam-plugin/images/34905d62037b5548b0909224f91584f48d939d4a75be01e0a34e7236c9b18e15.json	2026-06-09T16:40:05.112Z
data/plugin_cache/mteam-plugin/images/3646ef7626cabc7e93e1ff5a76c0abf3e7e883f65327302c13340f4a838006c9.json	2026-06-09T16:40:05.112Z
data/plugin_cache/mteam-plugin/images/38eb28b338c4e51528c21b1f803b36b4d0dfcfddd71f9831d5723e33ab5a9b84.json	2026-06-09T16:40:05.112Z
data/plugin_cache/mteam-plugin/images/39b3e6cdbf4f03debc584300020f66bef091603f4f37b65252bbc8ddf5139136.json	2026-06-09T16:40:05.112Z
data/plugin_cache/mteam-plugin/images/3d257e986898aa91660b8a7909ef691e3b0262de990d9fee4a0f59d6e2c626cd.json	2026-06-09T16:40:05.112Z
data/plugin_cache/mteam-plugin/images/6c25f132095361ca880a8de444659986088d4b64743c44304a25517a6944e924.json	2026-06-08T08:09:08.561Z
data/plugin_cache/mteam-plugin/images/b88191362ac994e78e3a72829dc1ea64620358c0ba269934add0570ef5009ffb.json	2026-06-09T16:40:05.112Z
data/plugin_cache/mteam-plugin/images/bcec5fc501c7d05026e58b72464910b11780b6708b2cf5ae003a7f23aa3864af.json	2026-06-09T16:40:05.112Z
data/plugin_cache/mteam-plugin/images/bd4609daf63700598696045dcf594bea9ae2893761ca8249b1a067b49ad0a5ae.json	2026-06-09T16:40:05.112Z
data/plugin_cache/mteam-plugin/images/bd5468f78d267257b6281072d7e1a754d2880ee0b0cef3f645f23cb13edceeec.json	2026-06-09T16:40:05.112Z
data/plugin_cache/mteam-plugin/images/bf54a4e178342340ac2d8eb53c86ef0bd8cd159abfdfbcce88025fa6ffb1da54.json	2026-06-09T16:40:05.112Z
data/plugin_cache/mteam-plugin/images/c14f3b7aa035ec75686ed144cd022471690e79149cc18ab2406aa07ef1f38347.json	2026-06-09T16:40:05.112Z
data/plugin_cache/mteam-plugin/images/c25dae8a2fedb0bb07fdef1fac3fd40e19b29194c0a340a2da4f32080052bee0.json	2026-06-09T16:40:05.112Z
data/plugin_cache/mteam-plugin/images/c7927843f272e1d949d3723de7010bb3f246ce5abd5637c4c880db4d5a5ec0c4.json	2026-06-09T16:40:05.112Z
data/plugin_cache/mteam-plugin/images/c7b6cfa29c61ac39f75fd83db197579d676d5a09e100d3549799859a85b31314.json	2026-06-09T16:40:05.112Z
data/plugin_cache/mteam-plugin/images/c81fa052143c1847b732a9a3b138e25aac7d2b33357be26c41d4a5d749113c72.json	2026-06-09T16:40:05.112Z
data/plugin_cache/mteam-plugin/images/c99ad8b0b0ab104d446ab819cc978b3bdf1c940609e2b45bf28a8a50d75ceb2d.json	2026-06-09T16:40:05.112Z
data/plugin_cache/mteam-plugin/images/c9ec998c6c70902e96b7457bd733540a478e82e7ad4709386cb1045fb75a9c5e.json	2026-06-09T16:40:05.112Z
data/plugin_cache/mteam-plugin/images/cd6f4eb89e1b7302276a8e398e6481f0b4ac4443391acd96a84d8c1d5989971a.json	2026-06-09T16:40:05.112Z
data/plugin_cache/mteam-plugin/images/cdae0c40a472fd5f3b8a5d45ecc580023f5cd6d29c0a76a4bc723ea55fe89902.json	2026-06-08T08:09:08.561Z
data/plugin_cache/mteam-plugin/images/cdf9499b3b77df19325fd7be50fd046920261424f12c42067c610af7bcf617ef.json	2026-06-09T16:40:05.112Z
data/plugin_cache/mteam-plugin/images/ce2706e77b49715c201d163bc794d7557d7f67e41df70fcd3d62688011591057.json	2026-06-08T08:09:08.561Z
data/plugin_cache/mteam-plugin/images/ce5151968b1d04c9fd9b59ff52e775eb12c0d85251cc7690a28728413b13e6b1.json	2026-06-08T08:09:08.561Z
data/plugin_cache/mteam-plugin/images/cf366e8dca311b897dbbbee8306ae7d6b9ff86c65dc5f945dbfc822fa1e075cc.json	2026-06-08T08:09:08.561Z
data/plugin_cache/mteam-plugin/images/cf38f739deb2dc72a261d577bae595df23e3a37eb7d58441d0e88d597cefffa2.json	2026-06-08T08:09:08.561Z
data/plugin_cache/mteam-plugin/images/cf651cade68d1e2cff461b230b04cacdd317bf8289d73d87fa0d160eb512164a.json	2026-06-09T16:40:05.112Z
data/plugin_cache/mteam-plugin/images/cfa2d4c1ecbdcc62bfac250752642e15a0053b9e881dae51ad7fd2ee386f5d95.json	2026-06-08T08:09:08.561Z
data/plugin_cache/mteam-plugin/images/cfb88ab3d24744fa643cfd301d25c40c93576efe67f0c1e60537b34b3ce86ce1.json	2026-06-08T08:09:08.561Z
data/plugin_cache/mteam-plugin/images/cfc77c1da3c95cf6130b6e26cdb62efee8b5d48771ffa9450158df835b5b8514.json	2026-06-09T16:40:05.112Z
data/plugin_cache/mteam-plugin/images/d027ddaf8ec8a70f89372aed930588882f2c67d76853a369ca09588995c59735.json	2026-06-09T16:40:05.112Z
data/plugin_cache/mteam-plugin/images/d0739bb748b013e386a6ee1ca6a3a4bf61c3c5a0a893311faf7ed76fb22e100c.json	2026-06-08T08:09:08.561Z
data/plugin_cache/mteam-plugin/images/d0f49dd8430d540eda080b09697a9b9f33a8c0a4e0c9f5ab97bce1670e56ff52.json	2026-06-09T16:40:05.112Z
data/plugin_cache/mteam-plugin/images/d114d4a2dd5af1e73ecdca22d1e23700244ec1823c7b8119d92c5374b36484f1.json	2026-06-08T08:09:08.561Z
data/plugin_cache/mteam-plugin/images/d12a9dae5184a34455f6bd14845cc216acceef5134d282c4b097b6bc852357a7.json	2026-06-09T16:40:05.112Z
data/plugin_cache/mteam-plugin/images/d203ea7e3b083905f4ecb07c001f2ad9f406250132c4f721e26f7e2c2fef0a65.json	2026-06-08T08:09:08.561Z
data/plugin_cache/mteam-plugin/images/d266bbf68383d9adc217b0e30a7347058b1c8b7342443283a1e0d6d89e0711d3.json	2026-06-08T08:09:08.561Z
data/plugin_cache/mteam-plugin/images/d281c2e147b73754cbe728d510bf282126de2641a90c0bc0a5ff74fd6064a0cc.json	2026-06-08T08:09:08.561Z
data/plugin_cache/mteam-plugin/images/d283fdc12a0990089d7af330571c16dd271e6e49c301bbf75ef4490cc861028c.json	2026-06-08T08:09:08.561Z
data/plugin_cache/mteam-plugin/images/d2b3d6a3e94cc533d7a3c60d8e6c8c35b8adc317431dd8c45550ebdc89173fef.json	2026-06-08T08:09:08.561Z
data/plugin_cache/mteam-plugin/images/d3182d075d6ba6a41a10e714b8838765b1b5b720fd3ab1a2c1975bba40bd0f29.json	2026-06-09T16:40:05.112Z
data/plugin_cache/mteam-plugin/images/d3aa78a07f3d1e2d4b05220503c383d81795438c3b040c4fe3c0ebb2ddd54abd.json	2026-06-08T08:09:08.561Z
data/plugin_cache/mteam-plugin/images/d4a16c78b786a6ea674515fa55f61f61122e6b69fb881d4afe20a045d0b0343d.json	2026-06-08T08:09:08.561Z
data/plugin_cache/mteam-plugin/images/d53368141b7cfde2e0a027451577074ebc2e0a5ea8f3436d6c17bdb1cf207463.json	2026-06-08T08:09:08.561Z
data/plugin_cache/mteam-plugin/images/d538c097c9dcfd0f6195ea99d93018c0736dd0d73be0a3fcc0eb0e17d723a371.json	2026-06-08T08:09:08.561Z
data/plugin_cache/mteam-plugin/images/d56fb93886280ff9642f4490ef7df9fb55af763bb914ab957f7d286dbff3a01d.json	2026-06-08T08:09:08.561Z
data/plugin_cache/mteam-plugin/images/d65be9eae7d7ba03acf6a74f56085546466406dabdfb94f79ba21b0d26064fc3.json	2026-06-08T08:09:08.561Z
data/plugin_cache/mteam-plugin/images/d6f12ee3527f0f4781b129d22adefdcd30fe975b28c91580e654345cb67ee486.json	2026-06-08T08:09:08.561Z
data/plugin_cache/mteam-plugin/images/d7317c71bec9d8cfbd6bc33b91c3af57fe29b2a788709492b902b6ff2793ddc1.json	2026-06-08T08:09:08.561Z
data/plugin_cache/mteam-plugin/images/d7790c792b6437f65c9e2ffafd8877f86e3dafce3fef08fddf848290f0c638ee.json	2026-06-08T08:09:08.561Z
data/plugin_cache/mteam-plugin/images/d7d3ad444ae658803944b20e108d42f7acd6c232a3bab72ee2efddbbe2004de5.json	2026-06-08T08:09:08.561Z
data/plugin_cache/mteam-plugin/images/d843560cd7643b0e3ab7b79a7eff72eba9f69690f8b950540fc6be3c5e627073.json	2026-06-08T08:09:08.561Z
data/plugin_cache/mteam-plugin/images/d886cfff9e45cd047762a6f7d3b6b202c4481e37a8126449c3a4a1c83c3d0626.json	2026-06-08T08:09:08.561Z
data/plugin_cache/mteam-plugin/images/d907109e56b7ac2f65cf07333f337d8691d12d6cdfb68cc5992189ed635b9d4a.json	2026-06-09T16:40:05.112Z
data/plugin_cache/mteam-plugin/images/d977069804ee21df5fde834d8186e29a714cf0e11702ed43c30fe783ca45e774.json	2026-06-09T16:40:05.112Z
data/plugin_cache/mteam-plugin/images/d9c23dcee2c9dd0987d971c35c1e56e35921af456abdb2dac1ae052cd7537402.json	2026-06-09T16:40:05.112Z
data/plugin_cache/mteam-plugin/images/d9da50bfc4d006aa0e0038f2b4c3864d576a6ee617ea9acf20e555adf45f2fb5.json	2026-06-08T08:09:08.561Z
data/plugin_cache/mteam-plugin/images/da05035b82ba45940ed023f322b44cbed62372e638c3276d977f42cc1700c1d8.json	2026-06-08T08:09:08.561Z
data/plugin_cache/mteam-plugin/images/da279375e1113f954580414f5aededaa2e2e41b8c606c9251cde370f671d52dd.json	2026-06-08T08:09:08.561Z
data/plugin_cache/mteam-plugin/images/dc240d1dbbdb3d8aacecfc2b13980c3172596b14468a1acddb3c18058d1ab9d4.json	2026-06-08T08:09:08.561Z
data/plugin_cache/mteam-plugin/images/dd009e5e9ba27c7f506938a1b7460f3465d18f943400dea9426bb599070a7db0.json	2026-06-09T16:40:05.112Z
data/plugin_cache/mteam-plugin/images/dd85c1b925cc782e2a91e0b96d9127c5637131eec8ecb0cd41278ed375f85f55.json	2026-06-08T08:09:08.561Z
data/plugin_cache/mteam-plugin/images/de11de8ea4930e66b40352bed31b61b287d166029ad1e08bc529b35367bd0b90.json	2026-06-08T08:09:08.561Z
data/plugin_cache/mteam-plugin/images/df2bdc5917f8b1b82c7222f73cb0c37ad716119eb5729acf98a8fdd1cdb06f28.json	2026-06-08T08:09:08.561Z
data/plugin_cache/mteam-plugin/images/df45142ea65a22dce99d0e5ee8a36b5c01a9a705e1626cee424d2ae01a530361.json	2026-06-09T16:40:05.112Z
data/plugin_cache/mteam-plugin/images/df6f9a45baf392fc28e0e12302a3591889090fc0c75ceeea80b5b5eed7f1d682.json	2026-06-08T08:09:08.561Z
data/plugin_cache/mteam-plugin/images/df909dfe845eebf7f4d433faca857228f0bd98446e85f81c3c10e56c4d9489b8.json	2026-06-09T16:40:05.112Z
data/plugin_cache/mteam-plugin/images/df9f4f3d02a382d61f987bb738fb6c3de5831c77dac26a0645b70f95a0f8fab6.json	2026-06-08T08:09:08.561Z
data/plugin_cache/mteam-plugin/images/dfda2af4d04c6b48793776fd702db9cc9ee4da12547e4b5c3d9b73db3ade3ec7.json	2026-06-09T16:40:05.112Z
data/plugin_cache/mteam-plugin/images/e0a308aae7dc33c3cd038cd2c68d85129cbd23cd72bfa79eb31df06d102fd6aa.json	2026-06-08T08:09:08.561Z
data/plugin_cache/mteam-plugin/images/e0fed57d2c17a592695ce3a0154991828ab1b05a5d3560da01aeea2953ad4009.json	2026-06-08T08:09:08.561Z
data/plugin_cache/mteam-plugin/images/e1210f92f1e5162049c4c82a4ab9f24202cca05b69264ff990b6d12ab91060e2.json	2026-06-08T08:09:08.561Z
data/plugin_cache/mteam-plugin/images/e14304426bf9eb7857b9155274216a81e36dbf55225b5ef2329ab57352c9eb6d.json	2026-06-08T08:09:08.561Z
data/plugin_cache/mteam-plugin/images/e1903be4fad741b51d91c96f0eae3db9764bae16ed104652f8b9a35a6446bbf9.json	2026-06-08T08:09:08.561Z
data/plugin_cache/mteam-plugin/images/e1e4dcf0a2f9a06f85511e65544ea9dc49f615b5d599ff627929ef515354c37f.json	2026-06-08T08:09:08.561Z
data/plugin_cache/mteam-plugin/images/e26a32fd6de2be34a0d4389230c3710672f87b60f1b83f38b7087437d3d030a8.json	2026-06-08T08:09:08.561Z
data/plugin_cache/mteam-plugin/images/e27bdd513759e84847bb18cb5101e9c48906eb5c710648423e43fc6257348d8a.json	2026-06-09T16:40:05.112Z
data/plugin_cache/mteam-plugin/images/e46e5daabc4a6900d559dde6324b82a84dee1ea25c45e9ddd7aa610e3b8affc9.json	2026-06-08T08:09:08.561Z
data/plugin_cache/mteam-plugin/images/e493c958912849549e5ecf164938d97ae3e33cc99e90877a8bfbc14960610661.json	2026-06-08T08:09:08.561Z
data/plugin_cache/mteam-plugin/images/e503c0e296bcf02b09f2485126fd17257ebc0ba08dca0bd2e0e75135b6bbbe1b.json	2026-06-08T08:09:08.561Z
data/plugin_cache/mteam-plugin/images/e50e9f141908f4263239159c713a5088b4858a54f3df415e9c8e44da5589d15d.json	2026-06-09T16:40:05.112Z
data/plugin_cache/mteam-plugin/images/e570c5e3952f067de29353906abf839ab3f9c596e3b6b1be913471d667a0c2d0.json	2026-06-09T16:40:05.112Z
data/plugin_cache/mteam-plugin/images/e5d95ca38183986e7a433ddd1be88f205a53299c61d6a4d6baf8b8a87fd2123a.json	2026-06-08T08:09:08.561Z
data/plugin_cache/mteam-plugin/images/e619cc86c94328bb1462c09d08ea8260f020c25afdcc749506d51170ad10d37e.json	2026-06-08T08:09:08.561Z
data/plugin_cache/mteam-plugin/images/e63a1b0f5ac8bdb324422bd1fb6ce2daedc07129b65ad86a36aec83b3c85de2a.json	2026-06-08T08:09:08.561Z
data/plugin_cache/mteam-plugin/images/e68a97f1170da76afbf1fef652995993ccb154d6c649570713a79f18842e4a79.json	2026-06-08T08:09:08.561Z
data/plugin_cache/mteam-plugin/images/e68ae908b9351e0151a5782da9aaf63369cde09e0326864f9d1d23a607da4059.json	2026-06-09T16:40:05.112Z
data/plugin_cache/mteam-plugin/images/e68ccaa142f6f96b844bcb82dd832755b97c5aa992d367ff732182913a5d6c47.json	2026-06-08T08:09:08.561Z
data/plugin_cache/mteam-plugin/images/e6f020bf9c67ef2b056f516706294e6bd76098bfe6a51f98ed125a5748019204.json	2026-06-09T16:40:05.112Z
data/plugin_cache/mteam-plugin/images/e71d374b72dff31388218feb470af27f2ebbd5fd42097ecaf31741ef23925447.json	2026-06-08T08:09:08.561Z
data/plugin_cache/mteam-plugin/images/e7e4334f60fe57013145d7b976f561ae93a31c2bc57680c4b3b4991799bc346c.json	2026-06-09T16:40:05.112Z
data/plugin_cache/mteam-plugin/images/e813c835ef9009eb3b660732bfcdd012680ca8639edb43dae2b5474a0e0eb143.json	2026-06-08T08:09:08.561Z
data/plugin_cache/mteam-plugin/images/e828306fe7e117862f50b87d3eeebc1bc73f76d9a00cdbcc40181436bd1b07cf.json	2026-06-08T08:09:08.561Z
data/plugin_cache/mteam-plugin/images/e913e552320b71b91ba65a7b26e7e0824063eb9e461781c71484dff44fa2604f.json	2026-06-08T08:09:08.561Z
data/plugin_cache/mteam-plugin/images/e9820a840625affa3ab6607cd111a003d70b688df7acb3caedf4db7441674fee.json	2026-06-08T08:09:08.561Z
data/plugin_cache/mteam-plugin/images/ea9fe46b4b75581fa86cb6587efd572c75f08889324847f0efef4105a57243d6.json	2026-06-09T16:40:05.112Z
data/plugin_cache/mteam-plugin/images/ebae8384708b442891c761247fe6867f92e04971f74d61f4a49338fe27a0f70f.json	2026-06-08T08:09:08.561Z
data/plugin_cache/mteam-plugin/images/ebb8df2c38df647a766bc9345ea50dfb39faa197bc12f9aae37ef4b3f4c421d6.json	2026-06-09T16:40:05.112Z
data/plugin_cache/mteam-plugin/images/ecb3811d4cc5ae61388d8d40fbd625799e8ad88462f222b7c63f56f8b1c4e5ea.json	2026-06-08T08:09:08.561Z
data/plugin_cache/mteam-plugin/images/ece8254f21bf0c917062d02c56b614aa0e24b2410b264ae079da8db6eb984988.json	2026-06-08T08:09:08.561Z
data/plugin_cache/mteam-plugin/images/ed048047340cfbb1a7616455a1da0d8d0d3df775618a59ee0299ac82c7288166.json	2026-06-09T16:40:05.112Z
data/plugin_cache/mteam-plugin/images/ed41f1a3223943ebb40bcab8938ae66630c4c1b124a1dd264a5ec3090558950d.json	2026-06-08T08:09:08.561Z
data/plugin_cache/mteam-plugin/images/ed59ab156e42b6d45d7f48f13cf350254e57561287f724058da45d578b91f2fe.json	2026-06-08T08:09:08.561Z
data/plugin_cache/mteam-plugin/images/ed76591ede5a3a1b56d72e2a5d8363f57494a1068dd77b96f8e7935513d00951.json	2026-06-08T08:09:08.561Z
data/plugin_cache/mteam-plugin/images/ede8b4c16d89bdbc566d5fb1d0efa773162e51753b9abf93149d14a57ed47de2.json	2026-06-09T16:40:05.112Z
data/plugin_cache/mteam-plugin/images/ee2a3396a9848ceabb17a700ec877e901a81025ebf1f897c73b8ae699a4351d0.json	2026-06-08T08:09:08.561Z
data/plugin_cache/mteam-plugin/images/eeb21d7af8982b87e4cda2ed2f79a34ea0f301126371f92476a8d387d39d0d66.json	2026-06-08T08:09:08.561Z
data/plugin_cache/mteam-plugin/images/ef36dc9ee8738dd7447b3154defd9e2bc74ed9d19afea0cc542f395edf365ba8.json	2026-06-08T08:09:08.561Z
data/plugin_cache/mteam-plugin/images/efaec5786f075fb76f8098ddcf0e9955d3181b676e401952ab4643a67d75b6ad.json	2026-06-08T08:09:08.561Z
data/plugin_cache/mteam-plugin/images/efce804ca384fd8a09458ebe1ff3651d7c5a161a76b7d67d2a03dfbd9ce873ab.json	2026-06-09T16:40:05.112Z
data/plugin_cache/mteam-plugin/images/efe04f30e010fec16e1af0ed59225dea5df808083929ba4674ce4d5c4ce0b0dc.json	2026-06-09T16:40:05.112Z
data/plugin_cache/mteam-plugin/images/f02267f726090c2436ffdbd4a709926648a44110598458cba91fcb320072b757.json	2026-06-08T08:09:08.561Z
data/plugin_cache/mteam-plugin/images/f03d42a00e45354388b4497e0ab77d61c946db1bdb189adb6ae8d6c3eabe506b.json	2026-06-08T08:09:08.561Z
data/plugin_cache/mteam-plugin/images/f047f288b0e5bae4adc3eef438e88f6bfa042fb8319e18e756d1aa497dd9c444.json	2026-06-08T08:09:08.561Z
data/plugin_cache/mteam-plugin/images/f04f4fe0a6b9b1d8c2de3241a5a8cbecaf5f76dda6632a2f983ea03458cdbe64.json	2026-06-09T16:40:05.112Z
data/plugin_cache/mteam-plugin/images/f0a1d8405ff86b1751b806ef5b79ff2c22d28c873197d1a5d2f76a64e95c7984.json	2026-06-09T16:40:05.112Z
data/plugin_cache/mteam-plugin/images/f0ca6b672367f9c9aaf98ded00579a57a63c0865195251eaa00d4a852a000d57.json	2026-06-09T16:40:05.112Z
data/plugin_cache/mteam-plugin/images/f0eedb9138ab181302cd1c103c98c5b6d0bb742ae465c36be3b44024c78078b0.json	2026-06-08T08:09:08.561Z
data/plugin_cache/mteam-plugin/images/f25753c27244f53256d2fd48481ca3e787367ee1fff57d32c3c0a5648c777c29.json	2026-06-08T08:09:08.561Z
data/plugin_cache/mteam-plugin/images/f2645c5173623ad334cb1f2bbfb2d537f9b816cc7f2c5a727bacbe353aed68a4.json	2026-06-08T08:09:08.561Z
data/plugin_cache/mteam-plugin/images/f280e3bab5687b849a7802dbcf88a88f41534c8d80cabc5f6f5d9792dd821b1c.json	2026-06-08T08:09:08.561Z
data/plugin_cache/mteam-plugin/images/f2fac223452a7506d89ef1339bf94a811c3ea825174e9f592addffa7f19250ec.json	2026-06-08T08:09:08.561Z
data/plugin_cache/mteam-plugin/images/f371fa14af22520654dd24ff019bfa727918a602266822b1207907d7290dfd31.json	2026-06-08T08:09:08.561Z
data/plugin_cache/mteam-plugin/images/f46cb334675047071cea700b338a7a0ee342974052c4cbe0de015bf6440a9102.json	2026-06-08T08:09:08.561Z
data/plugin_cache/mteam-plugin/images/f53799cb1824732e779c08101946c599e5cef323561bfa24507db1620f8e2cf2.json	2026-06-08T08:09:08.561Z
data/plugin_cache/mteam-plugin/images/f53eb49a9f51981e05b9655ff577a1a74ffda9df3ac50c37c4b0cad6d3c5b596.json	2026-06-09T16:40:05.112Z
data/plugin_cache/mteam-plugin/images/f60f9420aa8b5651c3a052a9826f456e4438539b98796757693e3f8563cf0415.json	2026-06-09T16:40:05.112Z
data/plugin_cache/mteam-plugin/images/f62bb061c75d59eb138562ec219bfba609ff7fba140bb449dab995ce9262269c.json	2026-06-08T08:09:08.561Z
data/plugin_cache/mteam-plugin/images/f63c753b429fac57e92434882125211df39655bc65eb6bd35a74a7648dfbf45c.json	2026-06-08T08:09:08.561Z
data/plugin_cache/mteam-plugin/images/f6642a23a2c1eacb4d4f67bb36dc6f27952933608b97240145f9d3767a292024.json	2026-06-08T08:09:08.561Z
data/plugin_cache/mteam-plugin/images/f688b89f3869f398bbc5dee886cdb8622e615c93493d953d313b966bc67277cf.json	2026-06-08T08:09:08.561Z
data/plugin_cache/mteam-plugin/images/f767698869b0e5618bc7f4b6682778efb23cd3eba8461044b230b264ed4c1687.json	2026-06-09T16:40:05.112Z
data/plugin_cache/mteam-plugin/images/f9ff508825acd75fdd7f9ecd700a7b61dfbc6ab27e6473e4d4222448de297375.json	2026-06-08T08:09:08.561Z
data/plugin_cache/mteam-plugin/images/fa42ca6b39a9a4cc08bad4a52734abdf5d4e85cfc6661d39db54a07152b27ba5.json	2026-06-09T16:40:05.112Z
data/plugin_cache/mteam-plugin/images/fa4eb0f07b8700e461e02a75c98352e43826b920f662a66461d95f04b72870ed.json	2026-06-08T08:09:08.561Z
data/plugin_cache/mteam-plugin/images/fa50d8806737658017486bb6cca88b8fb953f8d4e9dd2f0b66cd53b612efd77f.json	2026-06-08T08:09:08.561Z
data/plugin_cache/mteam-plugin/images/fa927683812780f34aae5c5a28b31c087a68d5b29a3b5720da14d081e21528ba.json	2026-06-09T16:40:05.112Z
data/plugin_cache/mteam-plugin/images/fc4de5c337aea7a07beeed48cae43f5cbb916a26d06aba7b1b8025cd3677ce5f.json	2026-06-09T16:40:05.112Z
data/plugin_cache/mteam-plugin/images/fd3fff8fa8690272977c2edc877e6471ed046e826d92217a1e10ca02cddb5cdc.json	2026-06-08T08:09:08.561Z
data/plugin_cache/mteam-plugin/images/fd53d5b296a8731b7bf83eacb4d671f6eafbf16f3a92dd6ceea7c092adf918b2.json	2026-06-08T08:09:08.561Z
data/plugin_cache/mteam-plugin/images/fda8d40b4f13b5edfe17726defc3ddd1273772303d872cd2c979add298596dee.json	2026-06-09T16:40:05.112Z
data/plugin_cache/mteam-plugin/images/fdb11d7124c80d7b1ed627d7da3fd3c63bcd8c09b40ab7552ab3e8293de61292.json	2026-06-09T16:40:05.112Z
data/plugin_cache/mteam-plugin/images/fe0f46e96b3f6b6e418b52b948ed31f9ae155be568ac367f59b6c95d199a083b.json	2026-06-08T08:09:08.561Z
data/plugin_cache/mteam-plugin/images/fe6944de139bd3ba85be28fb88ddbf354184d08b782d1213225d17d7c4bb382e.json	2026-06-09T16:40:05.112Z
data/plugin_cache/mteam-plugin/images/fedbf5e126cd90d88cef1a17281fa08ebad8d1eabb97db40b53d5718e4ea2bcb.json	2026-06-08T08:09:08.561Z
data/plugin_cache/mteam-plugin/images/ffda890cca253179d12abb7308e6419375f2226211cd7ae031f459ca04c4ecc8.json	2026-06-08T08:09:08.561Z
data/plugin_cache/rss-mteam/feed-f58fcde5947fe8dce5537409.json	2026-06-09T16:40:05.112Z
data/plugin_cache/rss-mteam/images/03a505793adcda7ca23f01bfad3ab0d9fb4fdf48cbba19f6775d1985cbd57978.json	2026-06-09T16:40:05.112Z
data/plugin_cache/rss-mteam/images/173d33f0c0bc998da7b242147aa7348975cf9f759f060233316c1f68035225e7.json	2026-06-09T16:40:05.112Z
data/plugin_cache/rss-mteam/images/1d0bb32a3a104460e042c7690dd79492feaaf1844ed81725c5280d391461cdbf.json	2026-06-09T16:40:05.112Z
data/plugin_cache/rss-mteam/images/1f0711992c5bf1f9494827c8d42e1cb6167e572927e4c273c68d8168aff86ee2.json	2026-06-09T16:40:05.112Z
data/plugin_cache/rss-mteam/images/235998fed99222add4084e389fd360571bcb6894084d40ddf5cf665eef12310c.json	2026-06-09T16:40:05.112Z
data/plugin_cache/rss-mteam/images/23a52ac399686fdf238e2e092a05e7724835fc0fd171b14da8bd4efe5265af80.json	2026-06-09T16:40:05.112Z
data/plugin_cache/rss-mteam/images/3546dc660f5cac283100408050cf7f8b2f12f3222c0ec43db9fb0ca6a3c8999f.json	2026-06-09T16:40:05.112Z
data/plugin_cache/rss-mteam/images/357ecbc82b29c0b137ea30bd4c9f7a37fbd29dc9df4641c5b3e08c355030939b.json	2026-06-09T16:40:05.112Z
data/plugin_cache/rss-mteam/images/3646ef7626cabc7e93e1ff5a76c0abf3e7e883f65327302c13340f4a838006c9.json	2026-06-09T16:40:05.112Z
data/plugin_cache/rss-mteam/images/3648ef4921dbd128b62f23ce9591f32dbcd19a7fbf22d04e7eab591b2d36c8f5.json	2026-06-09T16:40:05.112Z
data/plugin_cache/rss-mteam/images/3c61685406816e0fa9e75eea5ada4a3ec09a442a27957b3f7968e4bb2a786a24.json	2026-06-09T16:40:05.112Z
data/plugin_cache/rss-mteam/images/46b116f53abfb19ef69e3217409de9bb7b320fe421ecf3b9d2b57c3dc36adaed.json	2026-06-09T16:40:05.112Z
data/plugin_cache/rss-mteam/images/48848a85ed938af6b9b9fa312a863ebdf992378d55424405aac4c7e879f0e0c1.json	2026-06-09T16:40:05.112Z
data/plugin_cache/rss-mteam/images/5fb91c9a48e4cb9c89cfa44f7f1d27c6e3cfd24d7ad59d528fec4136b5e29be2.json	2026-06-09T16:40:05.112Z
data/plugin_cache/rss-mteam/images/62382b8e1be13c2594f96370faf71cf14eb2dc1193210ad1a73e4abc6351b158.json	2026-06-09T16:40:05.112Z
data/plugin_cache/rss-mteam/images/6d46c4601c115e6174ea09ec9331b787d07bc330a1689cc555f44c4d709c3e2e.json	2026-06-09T16:40:05.112Z
data/plugin_cache/rss-mteam/images/71a106ef0737164f09410d5d832781f2f99251a5456156e1109de68cf67b12c2.json	2026-06-09T16:40:05.112Z
data/plugin_cache/rss-mteam/images/754e932059a8153207f738c54dbce3cea11e96c0c0a8878c5b4e9742e4df75cc.json	2026-06-09T16:40:05.112Z
data/plugin_cache/rss-mteam/images/7fa1f1418d730f3204eb7356cda0942dfd8c4b24884bd8370ca877e3e09e733c.json	2026-06-09T16:40:05.112Z
data/plugin_cache/rss-mteam/images/961bfd86cebe7e1c3e4e2a77e5ccb4df09da5ef6bdf47dd9351dd3f9cc5bc3aa.json	2026-06-09T16:40:05.112Z
data/plugin_cache/rss-mteam/images/97d20abfdd90d4c6ba1ced8ff7a5511cc08eb1b2675fc8e635b8468a1b7f715d.json	2026-06-09T16:40:05.112Z
data/plugin_cache/rss-mteam/images/a2c2df49eaea4ab38f6204569ecc237a0faa57b877dae8c1da4d4a063384e6f7.json	2026-06-09T16:40:05.112Z
data/plugin_cache/rss-mteam/images/c5622a7411d95764383c61bc6e3ce218d91303520287f83b2c72ba2a7772fb19.json	2026-06-09T16:40:05.112Z
data/plugin_cache/rss-mteam/images/e6f68b7799c0943c45a9bd34e9db45801fc2776441663f4953081cab60626309.json	2026-06-09T16:40:05.112Z
data/plugin_cache/rss-mteam/images/e9dec2762de3d54256715ab741634d7e5c31cd3a22c6df234cdffab98f0982f8.json	2026-06-09T16:40:05.112Z
data/plugins_config.json	2026-06-08T08:09:08.561Z
data/plugins_market_repos.json	2026-08-23T06:30:15.153Z
data/plugins_state.json	2026-06-08T08:09:08.561Z
data/runtime/runtime_cleanup_status.json	2026-08-23T08:57:55.416Z
docker-compose.deploy.yml	2026-04-25T17:10:49.473Z
docker-compose.override.yml	2026-04-25T17:20:58.680Z
docker-compose.yml	2026-06-26T15:27:11.569Z
docs/DEV_DOCKER_ALIGNMENT.md	2026-06-26T18:33:24.985Z
forensics/README.md	2026-08-23T10:16:33.008Z
forensics/extract_raw_packs.py	2026-08-23T11:23:48.771Z
forensics/extract_vite_sourcemaps.py	2026-08-23T11:23:48.771Z
forensics/frontend-snapshots/vite-cache-cdp-v1/latest/src/App.vue	2026-08-23T09:03:56.103Z
forensics/frontend-snapshots/vite-cache-cdp-v1/latest/src/components/noor/AppSidebar.vue	2026-08-23T09:03:56.103Z
forensics/frontend-snapshots/vite-cache-cdp-v1/latest/src/components/noor/BaseIcon.vue	2026-08-23T09:03:56.103Z
forensics/frontend-snapshots/vite-cache-cdp-v1/latest/src/components/noor/BaseToast.vue	2026-08-23T09:03:56.103Z
forensics/frontend-snapshots/vite-cache-cdp-v1/latest/src/components/noor/ConfirmDialog.vue	2026-08-23T09:03:56.103Z
forensics/frontend-snapshots/vite-cache-cdp-v1/latest/src/components/noor/GlobalSearch.vue	2026-08-23T09:03:56.103Z
forensics/frontend-snapshots/vite-cache-cdp-v1/latest/src/components/noor/SidebarMetrics.vue	2026-08-23T09:03:56.103Z
forensics/frontend-snapshots/vite-cache-cdp-v1/latest/src/components/noor/SystemLogPanel.vue	2026-08-23T09:03:56.103Z
forensics/frontend-snapshots/vite-cache-cdp-v1/latest/src/components/ui/BaseModal.vue	2026-08-23T09:03:56.103Z
forensics/frontend-snapshots/vite-cache-cdp-v1/latest/src/components/ui/Button/VuiButton.vue	2026-08-23T09:03:56.103Z
forensics/frontend-snapshots/vite-cache-cdp-v1/latest/src/views/ResourceSearch.vue	2026-08-23T09:03:56.103Z
forensics/frontend-snapshots/vite-cache-cdp-v1/manifest.json	2026-08-23T09:03:56.103Z
forensics/frontend-snapshots/vite-cache-chromium/latest/src/App.vue	2026-08-23T09:03:56.103Z
forensics/frontend-snapshots/vite-cache-chromium/latest/src/app.config.ts	2026-08-23T09:03:56.103Z
forensics/frontend-snapshots/vite-cache-chromium/latest/src/app.vue	2026-08-23T09:03:56.103Z
forensics/frontend-snapshots/vite-cache-chromium/latest/src/components/core/AppShell.vue	2026-08-23T09:03:56.103Z
forensics/frontend-snapshots/vite-cache-chromium/latest/src/components/core/AppSidebar.vue	2026-08-23T09:03:56.103Z
forensics/frontend-snapshots/vite-cache-chromium/latest/src/components/core/AppTopbar.vue	2026-08-23T09:03:56.103Z
forensics/frontend-snapshots/vite-cache-chromium/latest/src/components/library/DetailPanel.vue	2026-08-23T09:03:56.103Z
forensics/frontend-snapshots/vite-cache-chromium/latest/src/components/library/LadaPanel.vue	2026-08-23T09:03:56.103Z
forensics/frontend-snapshots/vite-cache-chromium/latest/src/components/library/MediaGrid.vue	2026-08-23T09:03:56.103Z
forensics/frontend-snapshots/vite-cache-chromium/latest/src/components/library/SubtitlePanel.vue	2026-08-23T09:03:56.103Z
forensics/frontend-snapshots/vite-cache-chromium/latest/src/components/noor-kit/NoorActivityCard.vue	2026-08-23T09:03:56.103Z
forensics/frontend-snapshots/vite-cache-chromium/latest/src/components/noor-kit/NoorBadge.vue	2026-08-23T09:03:56.103Z
forensics/frontend-snapshots/vite-cache-chromium/latest/src/components/noor-kit/NoorButton.vue	2026-08-23T09:03:56.103Z
forensics/frontend-snapshots/vite-cache-chromium/latest/src/components/noor-kit/NoorCard.vue	2026-08-23T09:03:56.103Z
forensics/frontend-snapshots/vite-cache-chromium/latest/src/components/noor-kit/NoorChipButton.vue	2026-08-23T09:03:56.103Z
forensics/frontend-snapshots/vite-cache-chromium/latest/src/components/noor-kit/NoorDialog.vue	2026-08-23T09:03:56.103Z
forensics/frontend-snapshots/vite-cache-chromium/latest/src/components/noor-kit/NoorEmptyState.vue	2026-08-23T09:03:56.103Z
forensics/frontend-snapshots/vite-cache-chromium/latest/src/components/noor-kit/NoorErrorState.vue	2026-08-23T09:03:56.103Z
forensics/frontend-snapshots/vite-cache-chromium/latest/src/components/noor-kit/NoorLoadingState.vue	2026-08-23T09:03:56.103Z
forensics/frontend-snapshots/vite-cache-chromium/latest/src/components/noor-kit/NoorPagination.vue	2026-08-23T09:03:56.103Z
forensics/frontend-snapshots/vite-cache-chromium/latest/src/components/noor-kit/NoorProgress.vue	2026-08-23T09:03:56.103Z
forensics/frontend-snapshots/vite-cache-chromium/latest/src/components/noor-kit/NoorSearchBox.vue	2026-08-23T09:03:56.103Z
forensics/frontend-snapshots/vite-cache-chromium/latest/src/components/noor-kit/NoorSelect.vue	2026-08-23T09:03:56.103Z
forensics/frontend-snapshots/vite-cache-chromium/latest/src/components/noor-kit/NoorSkeleton.vue	2026-08-23T09:03:56.103Z
forensics/frontend-snapshots/vite-cache-chromium/latest/src/components/noor-kit/NoorSkeletonCard.vue	2026-08-23T09:03:56.103Z
forensics/frontend-snapshots/vite-cache-chromium/latest/src/components/noor-kit/NoorSkeletonGrid.vue	2026-08-23T09:03:56.103Z
forensics/frontend-snapshots/vite-cache-chromium/latest/src/components/noor-kit/NoorState.vue	2026-08-23T09:03:56.103Z
forensics/frontend-snapshots/vite-cache-chromium/latest/src/components/noor-kit/NoorSubmitButton.vue	2026-08-23T09:03:56.103Z
forensics/frontend-snapshots/vite-cache-chromium/latest/src/components/noor-kit/NoorSwitch.vue	2026-08-23T09:03:56.103Z
forensics/frontend-snapshots/vite-cache-chromium/latest/src/components/noor-kit/NoorSystemMetricsCard.vue	2026-08-23T09:03:56.103Z
forensics/frontend-snapshots/vite-cache-chromium/latest/src/components/noor-kit/NoorTabs.vue	2026-08-23T09:03:56.103Z
forensics/frontend-snapshots/vite-cache-chromium/latest/src/components/noor-kit/NoorTopActionBar.vue	2026-08-23T09:03:56.103Z
forensics/frontend-snapshots/vite-cache-chromium/latest/src/components/noor-kit/NoorWelcomeMark.vue	2026-08-23T09:03:56.103Z
forensics/frontend-snapshots/vite-cache-chromium/latest/src/components/noor/AppSidebar.vue	2026-08-23T09:03:56.103Z
forensics/frontend-snapshots/vite-cache-chromium/latest/src/components/noor/BaseIcon.vue	2026-08-23T09:03:56.103Z
forensics/frontend-snapshots/vite-cache-chromium/latest/src/components/noor/BaseToast.vue	2026-08-23T09:03:56.103Z
forensics/frontend-snapshots/vite-cache-chromium/latest/src/components/noor/ConfirmDialog.vue	2026-08-23T09:03:56.103Z
forensics/frontend-snapshots/vite-cache-chromium/latest/src/components/noor/JobCard.vue	2026-08-23T09:03:56.103Z
forensics/frontend-snapshots/vite-cache-chromium/latest/src/components/noor/JobChainPanel.vue	2026-08-23T09:03:56.103Z
forensics/frontend-snapshots/vite-cache-chromium/latest/src/components/noor/LogViewer.vue	2026-08-23T09:03:56.103Z
forensics/frontend-snapshots/vite-cache-chromium/latest/src/components/noor/MediaCard.vue	2026-08-23T09:03:56.103Z
forensics/frontend-snapshots/vite-cache-chromium/latest/src/components/noor/MediaDetailPanel.vue	2026-08-23T09:03:56.103Z
forensics/frontend-snapshots/vite-cache-chromium/latest/src/components/noor/RollingDigit.vue	2026-08-23T09:03:56.103Z
forensics/frontend-snapshots/vite-cache-chromium/latest/src/components/noor/SidebarMetrics.vue	2026-08-23T09:03:56.103Z
forensics/frontend-snapshots/vite-cache-chromium/latest/src/components/noor/SystemLogPanel.vue	2026-08-23T09:03:56.103Z
forensics/frontend-snapshots/vite-cache-chromium/latest/src/components/noor/panels/PanelHeader.vue	2026-08-23T09:03:56.103Z
forensics/frontend-snapshots/vite-cache-chromium/latest/src/components/ui/ActivityCard.vue	2026-08-23T09:03:56.103Z
forensics/frontend-snapshots/vite-cache-chromium/latest/src/components/ui/AnimatedGradientCanvas.vue	2026-08-23T09:03:56.103Z
forensics/frontend-snapshots/vite-cache-chromium/latest/src/components/ui/Badge/VuiBadge.vue	2026-08-23T09:03:56.103Z
forensics/frontend-snapshots/vite-cache-chromium/latest/src/components/ui/BaseModal.vue	2026-08-23T09:03:56.103Z
forensics/frontend-snapshots/vite-cache-chromium/latest/src/components/ui/Button/VuiButton.vue	2026-08-23T09:03:56.103Z
forensics/frontend-snapshots/vite-cache-chromium/latest/src/components/ui/FieldRow/FieldRow.vue	2026-08-23T09:03:56.103Z
forensics/frontend-snapshots/vite-cache-chromium/latest/src/components/ui/Pagination.vue	2026-08-23T09:03:56.103Z
forensics/frontend-snapshots/vite-cache-chromium/latest/src/components/ui/Progress/VuiProgress.vue	2026-08-23T09:03:56.103Z
forensics/frontend-snapshots/vite-cache-chromium/latest/src/components/ui/SettingsSwitch.vue	2026-08-23T09:03:56.103Z
forensics/frontend-snapshots/vite-cache-chromium/latest/src/components/ui/SystemMetricsCard.vue	2026-08-23T09:03:56.103Z
forensics/frontend-snapshots/vite-cache-chromium/latest/src/components/ui/Tabs.vue	2026-08-23T09:03:56.103Z
forensics/frontend-snapshots/vite-cache-chromium/latest/src/components/ui/VuiPagination.vue	2026-08-23T09:03:56.103Z
forensics/frontend-snapshots/vite-cache-chromium/latest/src/components/ui/WelcomeMark.vue	2026-08-23T09:03:56.103Z
forensics/frontend-snapshots/vite-cache-chromium/latest/src/layouts/AppShell.vue	2026-08-23T09:03:56.103Z
forensics/frontend-snapshots/vite-cache-chromium/latest/src/layouts/default.vue	2026-08-23T09:03:56.103Z
forensics/frontend-snapshots/vite-cache-chromium/latest/src/noor-kit/NoorBadge.vue	2026-08-23T09:03:56.103Z
forensics/frontend-snapshots/vite-cache-chromium/latest/src/noor-kit/NoorButton.vue	2026-08-23T09:03:56.103Z
forensics/frontend-snapshots/vite-cache-chromium/latest/src/noor-kit/NoorInput.vue	2026-08-23T09:03:56.103Z
forensics/frontend-snapshots/vite-cache-chromium/latest/src/noor-kit/NoorPagination.vue	2026-08-23T09:03:56.103Z
forensics/frontend-snapshots/vite-cache-chromium/latest/src/noor-kit/NoorSelect.vue	2026-08-23T09:03:56.103Z
forensics/frontend-snapshots/vite-cache-chromium/latest/src/noor-kit/NoorState.vue	2026-08-23T09:03:56.103Z
forensics/frontend-snapshots/vite-cache-chromium/latest/src/noor-kit/NoorTabs.vue	2026-08-23T09:03:56.103Z
forensics/frontend-snapshots/vite-cache-chromium/latest/src/noor-kit/NoorTextarea.vue	2026-08-23T09:03:56.103Z
forensics/frontend-snapshots/vite-cache-chromium/latest/src/noor-kit/NoorToggle.vue	2026-08-23T09:03:56.103Z
forensics/frontend-sna…60 tokens truncated…c/components/noor-kit/NoorInput.vue	2026-08-23T09:03:56.103Z
forensics/original-handoff.md	2026-08-23T11:23:48.771Z
forensics/raw-vite-sourcemaps/recovered/001b4fc3af99-Home.vue	2026-08-23T11:23:48.771Z
forensics/raw-vite-sourcemaps/recovered/019335d64baf-App.vue	2026-08-23T11:23:48.771Z
forensics/raw-vite-sourcemaps/recovered/022a8f8ce6cd-Settings.vue	2026-08-23T11:23:48.771Z
forensics/raw-vite-sourcemaps/recovered/022c8164126a-RollingDigit.vue	2026-08-23T11:23:48.771Z
forensics/raw-vite-sourcemaps/recovered/0581cdf38554-Settings.vue	2026-08-23T11:23:48.771Z
forensics/raw-vite-sourcemaps/recovered/0623dad991fd-Home.vue	2026-08-23T11:23:48.771Z
forensics/raw-vite-sourcemaps/recovered/0a31a553d7fd-Home.vue	2026-08-23T11:23:48.771Z
forensics/raw-vite-sourcemaps/recovered/0bc4f243f6db-Settings.vue	2026-08-23T11:23:48.771Z
forensics/raw-vite-sourcemaps/recovered/0e105d462333-SubtitlePanel.vue	2026-08-23T11:23:48.771Z
forensics/raw-vite-sourcemaps/recovered/0f75f11a840c-Settings.vue	2026-08-23T11:23:48.771Z
forensics/raw-vite-sourcemaps/recovered/11c1dcdd6dc1-VisionSidebar.vue	2026-08-23T11:23:48.771Z
forensics/raw-vite-sourcemaps/recovered/155a1d21d145-Dashboard.vue	2026-08-23T11:23:48.771Z
forensics/raw-vite-sourcemaps/recovered/174ece62f5c6-Home.vue	2026-08-23T11:23:48.771Z
forensics/raw-vite-sourcemaps/recovered/1aa5a017e52e-Home.vue	2026-08-23T11:23:48.771Z
forensics/raw-vite-sourcemaps/recovered/22ddec9f4f99-Home.vue	2026-08-23T11:23:48.771Z
forensics/raw-vite-sourcemaps/recovered/242e06a6f292-useI18n.ts	2026-08-23T11:23:48.771Z
forensics/raw-vite-sourcemaps/recovered/270ffe27ba60-index.ts	2026-08-23T11:23:48.771Z
forensics/raw-vite-sourcemaps/recovered/276c98c464a5-App.vue	2026-08-23T11:23:48.771Z
forensics/raw-vite-sourcemaps/recovered/27f35cbdaed2-useI18n.ts	2026-08-23T11:23:48.771Z
forensics/raw-vite-sourcemaps/recovered/2db573d375aa-Settings.vue	2026-08-23T11:23:48.771Z
forensics/raw-vite-sourcemaps/recovered/31f594bdcd54-App.vue	2026-08-23T11:23:48.771Z
forensics/raw-vite-sourcemaps/recovered/33ca790a6d1a-SubtitlePanel.vue	2026-08-23T11:23:48.771Z
forensics/raw-vite-sourcemaps/recovered/375c39348f89-Settings.vue	2026-08-23T11:23:48.771Z
forensics/raw-vite-sourcemaps/recovered/3817b2b4f093-SystemSettings.vue	2026-08-23T11:23:48.771Z
forensics/raw-vite-sourcemaps/recovered/389827b89ba6-Dashboard.vue	2026-08-23T11:23:48.771Z
forensics/raw-vite-sourcemaps/recovered/3c4ce133819a-main.ts	2026-08-23T11:23:48.771Z
forensics/raw-vite-sourcemaps/recovered/3d792891ccc0-Dashboard.vue	2026-08-23T11:23:48.771Z
forensics/raw-vite-sourcemaps/recovered/3fc281eef5c5-SubtitlePanel.vue	2026-08-23T11:23:48.771Z
forensics/raw-vite-sourcemaps/recovered/4035b0028080-Home.vue	2026-08-23T11:23:48.771Z
forensics/raw-vite-sourcemaps/recovered/40ea2b207df2-Dashboard.vue	2026-08-23T11:23:48.771Z
forensics/raw-vite-sourcemaps/recovered/4385bb241daf-index.ts	2026-08-23T11:23:48.771Z
forensics/raw-vite-sourcemaps/recovered/448dd9e97086-App.vue	2026-08-23T11:23:48.771Z
forensics/raw-vite-sourcemaps/recovered/46dc124bfdd3-Settings.vue	2026-08-23T11:23:48.771Z
forensics/raw-vite-sourcemaps/recovered/48e6ae840f77-Settings.vue	2026-08-23T11:23:48.771Z
forensics/raw-vite-sourcemaps/recovered/49a26995d0b6-Dashboard.vue	2026-08-23T11:23:48.771Z
forensics/raw-vite-sourcemaps/recovered/49c59f433a73-Settings.vue	2026-08-23T11:23:48.771Z
forensics/raw-vite-sourcemaps/recovered/49e501b1d940-main.ts	2026-08-23T11:23:48.771Z
forensics/raw-vite-sourcemaps/recovered/4a4328f6cea7-Settings.vue	2026-08-23T11:23:48.771Z
forensics/raw-vite-sourcemaps/recovered/4e58109c6ed5-Home.vue	2026-08-23T11:23:48.771Z
forensics/raw-vite-sourcemaps/recovered/50288a9aad10-Dashboard.vue	2026-08-23T11:23:48.771Z
forensics/raw-vite-sourcemaps/recovered/569516e64e02-index.ts	2026-08-23T11:23:48.771Z
forensics/raw-vite-sourcemaps/recovered/5714f8c42f9b-SettingsIndex.vue	2026-08-23T11:23:48.771Z
forensics/raw-vite-sourcemaps/recovered/5ecd32fa3789-History.vue	2026-08-23T11:23:48.771Z
forensics/raw-vite-sourcemaps/recovered/61002e1ea141-useJobPresentation.ts	2026-08-23T11:23:48.771Z
forensics/raw-vite-sourcemaps/recovered/63213c7ffd6a-Dashboard.vue	2026-08-23T11:23:48.771Z
forensics/raw-vite-sourcemaps/recovered/664ae39dc7ce-Settings.vue	2026-08-23T11:23:48.771Z
forensics/raw-vite-sourcemaps/recovered/675cc6887ea1-Home.vue	2026-08-23T11:23:48.771Z
forensics/raw-vite-sourcemaps/recovered/69662568809c-Settings.vue	2026-08-23T11:23:48.771Z
forensics/raw-vite-sourcemaps/recovered/69edd713e881-Settings.vue	2026-08-23T11:23:48.771Z
forensics/raw-vite-sourcemaps/recovered/6d0c0f317b39-Settings.vue	2026-08-23T11:23:48.771Z
forensics/raw-vite-sourcemaps/recovered/6efa558bbf0c-useTheme.ts	2026-08-23T11:23:48.771Z
forensics/raw-vite-sourcemaps/recovered/6f75f2651b7e-Dashboard.vue	2026-08-23T11:23:48.771Z
forensics/raw-vite-sourcemaps/recovered/706b1250d362-Home.vue	2026-08-23T11:23:48.771Z
forensics/raw-vite-sourcemaps/recovered/716174deeb23-SettingsIndex.vue	2026-08-23T11:23:48.771Z
forensics/raw-vite-sourcemaps/recovered/7243e82ed07e-main.ts	2026-08-23T11:23:48.771Z
forensics/raw-vite-sourcemaps/recovered/73fafb35eebb-Home.vue	2026-08-23T11:23:48.771Z
forensics/raw-vite-sourcemaps/recovered/76bb2a7516b3-Home.vue	2026-08-23T11:23:48.771Z
forensics/raw-vite-sourcemaps/recovered/77859c718a1d-Settings.vue	2026-08-23T11:23:48.771Z
forensics/raw-vite-sourcemaps/recovered/77cb2734e5aa-Home.vue	2026-08-23T11:23:48.771Z
forensics/raw-vite-sourcemaps/recovered/781d77710f2a-Home.vue	2026-08-23T11:23:48.771Z
forensics/raw-vite-sourcemaps/recovered/79c9bde1558f-index.ts	2026-08-23T11:23:48.771Z
forensics/raw-vite-sourcemaps/recovered/79ce5f7ac3ea-Dashboard.vue	2026-08-23T11:23:48.771Z
forensics/raw-vite-sourcemaps/recovered/7a8d6c3e72c8-index.ts	2026-08-23T11:23:48.771Z
forensics/raw-vite-sourcemaps/recovered/7d53548ee740-main.ts	2026-08-23T11:23:48.771Z
forensics/raw-vite-sourcemaps/recovered/7ddd7e4973be-Settings.vue	2026-08-23T11:23:48.771Z
forensics/raw-vite-sourcemaps/recovered/7e53937d329f-Settings.vue	2026-08-23T11:23:48.771Z
forensics/raw-vite-sourcemaps/recovered/7fa5a4129fa8-Home.vue	2026-08-23T11:23:48.771Z
forensics/raw-vite-sourcemaps/recovered/806e646abbae-Home.vue	2026-08-23T11:23:48.771Z
forensics/raw-vite-sourcemaps/recovered/82aae3f1996c-SubtitlePanel.vue	2026-08-23T11:23:48.771Z
forensics/raw-vite-sourcemaps/recovered/873bb700775f-SubtitlePanel.vue	2026-08-23T11:23:48.771Z
forensics/raw-vite-sourcemaps/recovered/89ad8dbfc20f-Home.vue	2026-08-23T11:23:48.771Z
forensics/raw-vite-sourcemaps/recovered/8d3da16f823f-main.ts	2026-08-23T11:23:48.771Z
forensics/raw-vite-sourcemaps/recovered/8eafa4371275-Home.vue	2026-08-23T11:23:48.771Z
forensics/raw-vite-sourcemaps/recovered/8ed384693f5b-main.ts	2026-08-23T11:23:48.771Z
forensics/raw-vite-sourcemaps/recovered/90fd528b3815-SystemSettings.vue	2026-08-23T11:23:48.771Z
forensics/raw-vite-sourcemaps/recovered/924f8209b0d3-RollingDigit.vue	2026-08-23T11:23:48.771Z
forensics/raw-vite-sourcemaps/recovered/965cab471ac3-Settings.vue	2026-08-23T11:23:48.771Z
forensics/raw-vite-sourcemaps/recovered/9a0cddd52a1c-Dashboard.vue	2026-08-23T11:23:48.771Z
forensics/raw-vite-sourcemaps/recovered/9b83f95ee54a-Settings.vue	2026-08-23T11:23:48.771Z
forensics/raw-vite-sourcemaps/recovered/a283058d6f7a-Home.vue	2026-08-23T11:23:48.771Z
forensics/raw-vite-sourcemaps/recovered/a786ebaf24b4-useI18n.ts	2026-08-23T11:23:48.771Z
forensics/raw-vite-sourcemaps/recovered/a7d816ee987b-Settings.vue	2026-08-23T11:23:48.771Z
forensics/raw-vite-sourcemaps/recovered/a9b2de995e60-MediaGrid.vue	2026-08-23T11:23:48.771Z
forensics/raw-vite-sourcemaps/recovered/afae1ed17d55-SubtitlePanel.vue	2026-08-23T11:23:48.771Z
forensics/raw-vite-sourcemaps/recovered/b3c02e32bb20-Settings.vue	2026-08-23T11:23:48.771Z
forensics/raw-vite-sourcemaps/recovered/b63c3e2ac7bb-Settings.vue	2026-08-23T11:23:48.771Z
forensics/raw-vite-sourcemaps/recovered/b6882a6103cc-Settings.vue	2026-08-23T11:23:48.771Z
forensics/raw-vite-sourcemaps/recovered/b99baf6eb5fd-WelcomeMark.vue	2026-08-23T11:23:48.771Z
forensics/raw-vite-sourcemaps/recovered/ba2c27308dee-Home.vue	2026-08-23T11:23:48.771Z
forensics/raw-vite-sourcemaps/recovered/c39565ebcc0e-VuiBadge.vue	2026-08-23T11:23:48.771Z
forensics/raw-vite-sourcemaps/recovered/c477be1404c4-Home.vue	2026-08-23T11:23:48.771Z
forensics/raw-vite-sourcemaps/recovered/c5e41f6c1c97-Dashboard.vue	2026-08-23T11:23:48.771Z
forensics/raw-vite-sourcemaps/recovered/c90f3409328c-App.vue	2026-08-23T11:23:48.771Z
forensics/raw-vite-sourcemaps/recovered/cb61abe8dcc1-Settings.vue	2026-08-23T11:23:48.771Z
forensics/raw-vite-sourcemaps/recovered/cb9537b1433f-Settings.vue	2026-08-23T11:23:48.771Z
forensics/raw-vite-sourcemaps/recovered/d1386799e45b-zh.ts	2026-08-23T11:23:48.771Z
forensics/raw-vite-sourcemaps/recovered/d42cb02cf317-Dashboard.vue	2026-08-23T11:23:48.771Z
forensics/raw-vite-sourcemaps/recovered/d7a33ccd09e4-History.vue	2026-08-23T11:23:48.771Z
forensics/raw-vite-sourcemaps/recovered/dd014d87c38c-index.ts	2026-08-23T11:23:48.771Z
forensics/raw-vite-sourcemaps/recovered/de962be17590-main.ts	2026-08-23T11:23:48.771Z
forensics/raw-vite-sourcemaps/recovered/e6f9b084be08-main.ts	2026-08-23T11:23:48.771Z
forensics/raw-vite-sourcemaps/recovered/e8279e08e18c-Settings.vue	2026-08-23T11:23:48.771Z
forensics/raw-vite-sourcemaps/recovered/e8b1db8985ba-index.ts	2026-08-23T11:23:48.771Z
forensics/raw-vite-sourcemaps/recovered/e97e99f9b83e-SystemSettings.vue	2026-08-23T11:23:48.771Z
forensics/raw-vite-sourcemaps/recovered/e98101cd41ac-Settings.vue	2026-08-23T11:23:48.771Z
forensics/raw-vite-sourcemaps/recovered/e9c2a46e1d0b-Dashboard.vue	2026-08-23T11:23:48.771Z
forensics/raw-vite-sourcemaps/recovered/eb75bc0e5f06-MiniStatisticsCard.vue	2026-08-23T11:23:48.771Z
forensics/raw-vite-sourcemaps/recovered/ec495b8dedcc-RollingDigit.vue	2026-08-23T11:23:48.771Z
forensics/raw-vite-sourcemaps/recovered/ee086dc04ba6-Settings.vue	2026-08-23T11:23:48.771Z
forensics/raw-vite-sourcemaps/recovered/ee72ac4fb786-Settings.vue	2026-08-23T11:23:48.771Z
forensics/raw-vite-sourcemaps/recovered/f148539b3240-Settings.vue	2026-08-23T11:23:48.771Z
forensics/raw-vite-sourcemaps/recovered/f20c5dae1d54-Home.vue	2026-08-23T11:23:48.771Z
forensics/recovered-sources/media_library.early-replayed.py	2026-08-23T10:20:21.990Z
forensics/recovery-gap-audit.md	2026-08-23T07:31:44.896Z
forensics/version-gap-audit.md	2026-08-23T07:31:44.896Z
forensics/version_gap_audit.py	2026-08-23T07:31:44.896Z
frontend/DESIGN.md	2026-04-12T19:52:20.551Z
frontend/README.md	2026-05-02T21:16:58.624Z
frontend/UI_CONSISTENCY_REPORT.md	2026-05-02T21:16:58.624Z
frontend/VISION_UI_MAPPING.md	2026-05-02T21:16:58.624Z
frontend/VISION_UI_OFFLINE_SPEC.md	2026-05-02T21:16:58.624Z
frontend/auto-imports.d.ts	2026-05-02T08:15:20.016Z
frontend/components.d.ts	2026-05-02T08:15:20.016Z
frontend/index.html	2026-08-23T10:26:49.978Z
frontend/nginx.conf	2026-05-02T21:16:58.624Z
frontend/node_modules/.package-lock.json	2026-08-23T10:26:49.978Z
frontend/node_modules/.vite/deps/_metadata.json	2026-08-23T10:26:49.978Z
frontend/nuxt.config.ts	2026-05-02T21:16:58.624Z
frontend/package-lock.json	2026-08-23T10:26:49.978Z
frontend/package.json	2026-08-23T10:26:49.978Z
frontend/postcss.config.js	2026-05-01T16:07:09.197Z
frontend/settings-lada-tab.txt	2026-05-02T21:16:58.624Z
frontend/src/App.vue	2026-06-08T08:09:08.561Z
frontend/src/api/client.ts	2026-05-02T21:16:58.624Z
frontend/src/api/index.ts	2026-05-02T21:16:58.624Z
frontend/src/api/plugins.ts	2026-06-08T08:09:08.561Z
frontend/src/api/types.ts	2026-06-08T08:09:08.561Z
frontend/src/app.config.ts	2026-05-02T21:16:58.624Z
frontend/src/app.vue	2026-05-02T21:16:58.624Z
frontend/src/components/noor-kit/NoorBadge.vue	2026-05-01T17:35:24.284Z
frontend/src/components/noor-kit/NoorSelect.vue	2026-05-01T17:35:24.284Z
frontend/src/components/noor/AppSidebar.vue	2026-06-08T08:09:08.561Z
frontend/src/components/noor/BaseIcon.vue	2026-07-02T16:31:51.047Z
frontend/src/components/noor/BaseToast.vue	2026-06-08T08:09:08.561Z
frontend/src/components/noor/ConfirmDialog.vue	2026-04-14T09:48:08.941Z
frontend/src/components/noor/FaceFusionPanel.vue	2026-07-07T18:40:27.624Z
frontend/src/components/noor/GlobalSearch.vue	2026-06-08T08:09:08.561Z
frontend/src/components/noor/JobCard.vue	2026-04-12T21:43:40.362Z
frontend/src/components/noor/JobChainPanel.vue	2026-04-22T15:56:36.968Z
frontend/src/components/noor/LadaPanel.vue	2026-06-25T16:50:05.799Z
frontend/src/components/noor/LibraryFilter.vue	2026-04-12T22:00:56.604Z
frontend/src/components/noor/LibrarySidebar.vue	2026-05-02T09:43:30.050Z
frontend/src/components/noor/LogViewer.vue	2026-05-02T09:43:30.050Z
frontend/src/components/noor/MediaCard.vue	2026-06-11T16:41:18.919Z
frontend/src/components/noor/MediaDetailPanel.vue	2026-08-23T11:55:33.852Z
frontend/src/components/noor/PluginIcon.vue	2026-06-08T08:09:08.561Z
frontend/src/components/noor/PluginWidgetRenderer.vue	2026-06-08T08:09:08.561Z
frontend/src/components/noor/RollingDigit.vue	2026-05-02T18:08:55.361Z
frontend/src/components/noor/SidebarMetrics.vue	2026-06-08T08:09:08.561Z
frontend/src/components/noor/SidebarWidgetSlot.vue	2026-06-08T08:09:08.561Z
frontend/src/components/noor/SubtitlePanel.vue	2026-07-05T21:48:56.350Z
frontend/src/components/noor/SubtitlePreview.vue	2026-05-02T09:43:30.050Z
frontend/src/components/noor/SystemLogPanel.vue	2026-06-08T08:09:08.561Z
frontend/src/components/noor/panels/FilePathSelector.vue	2026-07-09T13:00:45.341Z
frontend/src/components/noor/panels/PanelHeader.vue	2026-06-30T10:01:30.507Z
frontend/src/components/ui/ActivityCard.vue	2026-04-12T21:58:01.773Z
frontend/src/components/ui/AnimatedGradientCanvas.vue	2026-04-22T15:56:36.968Z
frontend/src/components/ui/Badge/VuiBadge.vue	2026-05-02T21:16:58.624Z
frontend/src/components/ui/BaseModal.vue	2026-04-14T09:48:08.941Z
frontend/src/components/ui/Box/VuiBox.vue	2026-05-02T21:16:58.624Z
frontend/src/components/ui/Button/VuiButton.vue	2026-04-30T09:54:49.670Z
frontend/src/components/ui/ControlPanel.vue	2026-05-12T20:00:37.524Z
frontend/src/components/ui/FieldRow/FieldRow.vue	2026-05-02T08:15:20.016Z
frontend/src/components/ui/FilterPanel.vue	2026-05-12T20:00:37.524Z
frontend/src/components/ui/MiniStatisticsCard.vue	2026-05-02T21:16:58.624Z
frontend/src/components/ui/Pagination.vue	2026-05-04T07:26:01.069Z
frontend/src/components/ui/Progress/VuiProgress.vue	2026-05-02T21:16:58.624Z
frontend/src/components/ui/SettingsSwitch.vue	2026-04-22T15:56:36.968Z
frontend/src/components/ui/SubmitButton.vue	2026-05-10T15:53:32.289Z
frontend/src/components/ui/SystemMetricsCard.vue	2026-06-08T08:09:08.561Z
frontend/src/components/ui/Tabs.vue	2026-06-26T08:13:23.239Z
frontend/src/components/ui/Typography/VuiTypography.vue	2026-05-02T21:16:58.624Z
frontend/src/components/ui/VuiPagination.vue	2026-04-30T09:54:49.670Z
frontend/src/components/ui/VuiSkeleton.vue	2026-04-30T09:54:49.670Z
frontend/src/components/ui/VuiSkeletonCard.vue	2026-04-30T09:54:49.670Z
frontend/src/components/ui/VuiSkeletonGrid.vue	2026-04-30T09:54:49.670Z
frontend/src/components/ui/VuiSubmitButton.vue	2026-04-30T09:54:49.670Z
frontend/src/components/ui/WelcomeMark.vue	2026-04-22T15:56:36.968Z
frontend/src/composables/jobOrdering.ts	2026-04-24T10:18:09.380Z
frontend/src/composables/useBlurCover.ts	2026-06-22T06:44:59.142Z
frontend/src/composables/useConfirm.ts	2026-04-14T17:08:39.206Z
frontend/src/composables/useDownloaderDialog.ts	2026-06-08T08:09:08.561Z
frontend/src/composables/useI18n.ts	2026-05-02T21:16:58.624Z
frontend/src/composables/useJobEventState.ts	2026-04-22T15:56:36.968Z
frontend/src/composables/useJobNavigation.ts	2026-04-22T15:56:36.968Z
frontend/src/composables/useJobPresentation.ts	2026-06-08T08:09:08.561Z
frontend/src/composables/useJobRuntimePresentation.ts	2026-06-08T08:09:08.561Z
frontend/src/composables/useJobSelection.ts	2026-04-22T15:56:36.968Z
frontend/src/composables/useJobsTabs.ts	2026-06-13T10:21:00.961Z
frontend/src/composables/usePluginRenderers.ts	2026-06-08T08:09:08.561Z
frontend/src/composables/usePlugins.ts	2026-05-03T19:19:10.636Z
frontend/src/composables/useRouteTabs.ts	2026-05-12T23:08:28.487Z
frontend/src/composables/useSSE.ts	2026-04-22T15:56:36.968Z
frontend/src/composables/useSidebarMetrics.ts	2026-06-08T08:09:08.561Z
frontend/src/composables/useSidebarWidgets.ts	2026-06-08T08:09:08.561Z
frontend/src/composables/useSubscriptionDialog.ts	2026-06-08T08:09:08.561Z
frontend/src/composables/useSubtitles.ts	2026-04-12T19:58:41.497Z
frontend/src/composables/useSystemLog.ts	2026-06-08T08:09:08.561Z
frontend/src/composables/useTheme.ts	2026-05-02T21:16:58.624Z
frontend/src/composables/useToast.ts	2026-05-02T21:16:58.624Z
frontend/src/composables/useWhisper.ts	2026-04-16T05:42:47.751Z
frontend/src/composables/useWhisperProfiles.ts	2026-07-05T21:48:56.350Z
frontend/src/env.d.ts	2026-05-02T21:16:58.624Z
frontend/src/i18n/en.ts	2026-06-08T08:09:08.561Z
frontend/src/i18n/index.ts	2026-05-02T21:16:58.624Z
frontend/src/i18n/zh.ts	2026-06-08T08:09:08.561Z
frontend/src/main.ts	2026-08-23T10:26:49.978Z
frontend/src/pages/library.vue	2026-05-03T18:36:47.036Z
frontend/src/plugins/sdkUi.ts	2026-04-30T15:18:02.280Z
frontend/src/router/index.ts	2026-06-08T08:09:08.561Z
frontend/src/stores/emby.ts	2026-08-23T10:26:49.978Z
frontend/src/stores/hardlinks.ts	2026-05-02T21:16:58.624Z
frontend/src/stores/jobs.ts	2026-06-08T08:09:08.561Z
frontend/src/stores/media.ts	2026-05-02T21:16:58.624Z
frontend/src/stores/mediaLibrary.ts	2026-04-12T15:49:31.989Z
frontend/src/stores/plugins.ts	2026-05-02T21:16:58.624Z
frontend/src/stores/settings.ts	2026-05-02T21:16:58.624Z
frontend/src/style.css	2026-06-10T15:48:59.033Z
frontend/src/theme/tokens.ts	2026-05-02T21:16:58.624Z
frontend/src/views/ActorDetailView.vue	2026-07-02T16:31:51.047Z
frontend/src/views/ActorManagementView.vue	2026-07-01T09:08:08.360Z
frontend/src/views/Dashboard.vue	2026-06-08T08:09:08.561Z
frontend/src/views/DashboardPage.vue	2026-05-02T21:16:58.624Z
frontend/src/views/HardlinkView.vue	2026-06-08T08:09:08.561Z
frontend/src/views/HardlinksPage.vue	2026-05-02T21:16:58.624Z
frontend/src/views/History.vue	2026-06-08T08:09:08.561Z
frontend/src/views/HistoryPage.vue	2026-05-02T21:16:58.624Z
frontend/src/views/Home.vue	2026-06-08T08:09:08.561Z
frontend/src/views/Jobs.vue	2026-06-08T08:09:08.561Z
frontend/src/views/JobsPage.vue	2026-05-02T21:16:58.624Z
frontend/src/views/LibraryPage.vue	2026-05-02T21:16:58.624Z
frontend/src/views/PluginHost.vue	2026-06-08T08:09:08.561Z
frontend/src/views/PluginHostPage.vue	2026-05-02T21:16:58.624Z
frontend/src/views/PluginManager.vue	2026-06-08T08:09:08.561Z
frontend/src/views/PluginPageHost.vue	2026-04-30T09:54:49.670Z
frontend/src/views/PluginsPage.vue	2026-05-02T21:16:58.624Z
frontend/src/views/ResourceSearch.vue	2026-06-08T08:09:08.561Z
frontend/src/views/Settings.vue	2026-08-23T11:44:02.714Z
frontend/src/views/SettingsPage.vue	2026-05-02T21:16:58.624Z
frontend/src/views/UiKitPoc.vue	2026-05-02T08:15:20.016Z
frontend/src/views/settings/FaceFusionSettings.vue	2026-06-25T17:18:28.610Z
frontend/src/views/settings/LadaSettings.vue	2026-04-22T15:56:36.968Z
frontend/src/views/settings/LocalSubtitleLibrarySettings.vue	2026-08-22T09:49:46.321Z
frontend/src/views/settings/PluginsSettings.vue	2026-04-30T09:54:49.670Z
frontend/src/views/settings/SettingsIndex.vue	2026-08-22T09:49:46.321Z
frontend/src/views/settings/StorageSettings.vue	2026-06-26T10:06:55.057Z
frontend/src/views/settings/SystemSettings.vue	2026-06-08T08:09:08.561Z
frontend/src/views/settings/WhisperSettings.vue	2026-06-16T14:02:09.721Z
frontend/src/vite-env.d.ts	2026-05-02T21:16:58.624Z
frontend/tailwind.config.js	2026-08-23T11:44:02.714Z
frontend/tsconfig.json	2026-05-02T21:16:58.624Z
frontend/tsconfig.node.json	2026-05-02T21:16:58.624Z
frontend/vite.config.ts	2026-08-23T11:44:02.714Z
patch.py	2026-05-07T08:03:43.147Z
patch_page.py	2026-05-07T13:17:47.177Z
plugins/PLUGIN_CLI.md	2026-04-30T09:54:49.670Z
plugins/PLUGIN_DESIGN.md	2026-04-30T09:54:49.670Z
plugins/PLUGIN_DEVELOPMENT.md	2026-06-08T08:09:08.561Z
plugins/PLUGIN_SDK.md	2026-06-08T08:09:08.561Z
plugins/README.md	2026-04-30T09:54:49.670Z
plugins/__init__.py	2026-04-30T09:54:49.670Z
plugins/av-graph/frontend/page.js	2026-06-08T08:09:08.561Z
plugins/av-graph/frontend/style.css	2026-06-08T08:09:08.561Z
plugins/av-graph/plugin.json	2026-06-08T08:09:08.561Z
plugins/av-recommend/backend.py	2026-06-08T08:34:31.405Z
plugins/av-recommend/frontend/page.js	2026-06-08T08:47:17.275Z
plugins/av-recommend/frontend/style.css	2026-06-08T08:50:16.348Z
plugins/av-recommend/icons/service.svg	2026-06-09T16:40:05.112Z
plugins/av-recommend/plugin.json	2026-06-09T16:28:40.992Z
plugins/avdb/backend.py	2026-06-08T08:09:08.561Z
plugins/avdb/plugin.json	2026-06-08T08:09:08.561Z
plugins/example/__init__.py	2026-04-30T09:54:49.670Z
plugins/gfriends/backend.py	2026-06-26T15:13:32.473Z
plugins/gfriends/frontend/page.js	2026-07-03T07:53:29.540Z
plugins/gfriends/frontend/style.css	2026-07-03T07:53:29.540Z
plugins/gfriends/plugin.json	2026-07-03T07:53:29.540Z
plugins/javdb/backend.py	2026-06-08T08:09:08.561Z
plugins/javdb/frontend/page.js	2026-06-08T08:09:08.561Z
plugins/javdb/frontend/style.css	2026-06-08T08:09:08.561Z
plugins/javdb/plugin.json	2026-06-08T08:09:08.561Z
plugins/local-subtitle-library/plugin.json	2026-06-08T08:09:08.561Z
plugins/mdc-ng-manual/backend.py	2026-06-08T08:09:08.561Z
plugins/mdc-ng-manual/plugin.json	2026-06-08T08:09:08.561Z
plugins/mteam-plugin/MTEAM_API.md	2026-06-08T08:09:08.561Z
plugins/mteam-plugin/backend.py	2026-06-08T08:09:08.561Z
plugins/mteam-plugin/frontend/page.js	2026-06-08T08:09:08.561Z
plugins/mteam-plugin/plugin.json	2026-06-08T08:09:08.561Z
plugins/qbittorrent/backend.py	2026-06-08T08:09:08.561Z
plugins/qbittorrent/frontend/page.js	2026-06-24T18:41:01.440Z
plugins/qbittorrent/plugin.json	2026-06-08T08:09:08.561Z
plugins/subscription-core/backend.py	2026-06-26T15:13:32.473Z
plugins/subscription-core/frontend/page.js	2026-07-05T17:40:31.721Z
plugins/subscription-core/frontend/style.css	2026-08-12T13:52:02.021Z
plugins/subscription-core/plugin.json	2026-08-22T15:57:13.168Z
plugins/transmission/plugin.json	2026-06-08T08:09:08.561Z
plugins/widget-system/backend.py	2026-06-08T08:09:08.561Z
plugins/widget-system/plugin.json	2026-06-08T08:09:08.561Z
plugins/xunlei-remote/backend.py	2026-06-08T08:09:08.561Z
plugins/xunlei-remote/frontend/page.js	2026-06-08T08:09:08.561Z
plugins/xunlei-remote/frontend/style.css	2026-06-08T08:09:08.561Z
plugins/xunlei-remote/plugin.json	2026-06-08T08:09:08.561Z
plugins/xunlei-subtitle/plugin.json	2026-06-08T08:09:08.561Z
